LGA_FID,LGA_Name,Beach_ID,Beach_Name,Driving_d
8888,CBD,1,Duranbah / Flagstaff,812901.6
8888,CBD,2,Little d'bah,812830.6
8888,CBD,3,Letitia Spit,811580.5
8888,CBD,4,Letitia ,810869.1
8888,CBD,5,Fingal,808681.6
8888,CBD,6,Dreamtime,805962.3
8888,CBD,7,North Kingscliff,805210.1
8888,CBD,8,Kingscliff / Cudgen,806962.3
8888,CBD,9,South Kingscliff,808659.1
8888,CBD,10,Salt,809306.7
8888,CBD,11,Casuarina ,799276.1
8888,CBD,12,Cotton,798410.8
8888,CBD,13,Cabarita,796269.6
8888,CBD,14,Norries Head,794332.5
8888,CBD,15,Maggies,792591.1
8888,CBD,16,Hastings Point ,791314.2
8888,CBD,17,Cudgera,789673.4
8888,CBD,18,Pottsville North,788892.8
8888,CBD,19,Mooball,789974.6
8888,CBD,20,Wooyung,779847
8888,CBD,21,Crabbes Creek,773369.5
8888,CBD,22,South Golden ,773696.1
8888,CBD,23,New Brighton  / Ocean Shores,768910
8888,CBD,24,Harrys Hill,765030.6
8888,CBD,25,Torakina,765030.6
8888,CBD,26,Brunswick Heads,765353.2
8888,CBD,27,Tyagarah,764297.4
8888,CBD,28,Little Wategos,763247.9
8888,CBD,29,Wategos,763035
8888,CBD,30,The Pass,761980.8
8888,CBD,31,Belongil,759939.7
8888,CBD,32,Main (Byron Bay),760116.7
8888,CBD,33,Clarks,760930.8
8888,CBD,34,Tallows,761715.1
8888,CBD,35,Suffolk Park,754383.8
8888,CBD,36,Broken Head ,754260.6
8888,CBD,37,Kings 1,754709.8
8888,CBD,38,Kings 2,754868.5
8888,CBD,39,Brays,756607.3
8888,CBD,40,Whites,757038.8
8888,CBD,41,Seven Mile  / Lennox Head,744917.1
8888,CBD,42,Boulder North,740094.1
8888,CBD,43,Boulder South / Iron Peg,739561.4
8888,CBD,44,Sharpes,737867.1
8888,CBD,45,Angels North,737692.6
8888,CBD,46,Angels South,736432.5
8888,CBD,47,Shelly,735815.9
8888,CBD,48,Lighthouse,735386
8888,CBD,49,South Ballina,727932.8
8888,CBD,50,Beswicks,721967.7
8888,CBD,51,Robins,719196.6
8888,CBD,52,Patches,717166.4
8888,CBD,53,Broadwater,706926.6
8888,CBD,54,Airforce,702518.8
8888,CBD,55,Evans Head,702445.1
8888,CBD,56,Razorback / Shark Bay / Little,704230.3
8888,CBD,57,Red Hill,704787.7
8888,CBD,58,Chinamans North,704841.2
8888,CBD,59,Chinamanâs South,705292
8888,CBD,60,New Zealand ,705292
8888,CBD,61,Ten Mile,705292
8888,CBD,62,Shark Bay ,701199.7
8888,CBD,63,Woody Bay,667931.1
8888,CBD,64,Woody Back,669282.2
8888,CBD,65,Frazer Reef,671436
8888,CBD,66,Iluka Bluff,673092.8
8888,CBD,67,Iluka,673776.9
8888,CBD,68,Moriartys Wall,675141.4
8888,CBD,69,Iluka Wall  (Wave Trap),675382.5
8888,CBD,70,Turners,660145.3
8888,CBD,71,Whiting ,660154
8888,CBD,72,Yamba Main,660506.1
8888,CBD,73,Convent,660455.8
8888,CBD,74,Pippi,660521.4
8888,CBD,75,Barri ,661220.4
8888,CBD,76,Green Point Cove,662406.9
8888,CBD,77,Angourie / Spooky ,663249.8
8888,CBD,78,Angourie Point ,664815.6
8888,CBD,79,Back Angourie ,664947.5
8888,CBD,80,Little Shelly,664926.3
8888,CBD,81,Shelly,664926.3
8888,CBD,82,Caves,658588.4
8888,CBD,83,Plumbago,658588.4
8888,CBD,84,Red Cliff,659145.7
8888,CBD,85,Brooms Head Main ,659366.1
8888,CBD,86,North Sandon,666956.6
8888,CBD,87,Sandon River,669467.9
8888,CBD,88,Little Pebbly,669455.6
8888,CBD,89,Pebbly  (Clarence),669455.6
8888,CBD,90,Hatchcover,669455.6
8888,CBD,91,Sandon / Illaroo,632205.2
8888,CBD,92,Illaroo South ,631861.5
8888,CBD,93,Rocky Point,631149.8
8888,CBD,94,Minnie Water Main,630617.5
8888,CBD,95,Pipers Hill / Boat Harbour,631340.9
8888,CBD,96,Tree Point 1,631501.6
8888,CBD,97,Tree Point 2,631603
8888,CBD,98,Tree Point 3,631510
8888,CBD,99,Minnie Water Back ,631522.5
8888,CBD,100,Diggers Camp Nth / Where Ever  ,630806.5
8888,CBD,101,Diggers Camp,630709.6
8888,CBD,102,Stony ,630788.5
8888,CBD,103,Wilsons / Bare ,629266.5
8888,CBD,104,Wooli,630874.4
8888,CBD,105,Jones,634091.4
8888,CBD,106,Barcoongere Rocks North,634083
8888,CBD,107,Barcoongere Rocks South,634083
8888,CBD,108,Freshwater ,582358.3
8888,CBD,109,Pebbly  (Coffs Harbour,582371.5
8888,CBD,110,Station Creek,583236.7
8888,CBD,111,Little  (Coffs Harbour),570725
8888,CBD,112,Red Rock,570475.7
8888,CBD,113,Corindi North,563421.3
8888,CBD,114,Corindi,562281.2
8888,CBD,115,Arrawarra Beach,558592.8
8888,CBD,116,Oceanview,558327.4
8888,CBD,117,Mullaway,558231.3
8888,CBD,118,Cabins/South Mullaway,557212.8
8888,CBD,119,Mullaway Head,557637.6
8888,CBD,120,Safety  (Darkhum),557668.9
8888,CBD,121,Woolgoolga ,553094.7
8888,CBD,122,Woolgoolga Back ,553118.4
8888,CBD,123,Hearnes Lake,550493.6
8888,CBD,124,Sandy,549641.8
8888,CBD,125,Fiddamans,552879.5
8888,CBD,126,Emerald,546630.1
8888,CBD,127,Shelly,547147.7
8888,CBD,128,Moonee,543480.8
8888,CBD,129,Sapphire,536794.5
8888,CBD,130,Riecks Point,536678.9
8888,CBD,131,Pelican / Nautilus ,535630
8888,CBD,132,Campbells,534852.8
8888,CBD,133,Hills North ,534588.7
8888,CBD,134,Hills/Opal Cove,533750.1
8888,CBD,135,Korora,533303.6
8888,CBD,136,Charlesworth Bay,531926.8
8888,CBD,137,Diggers North,532130.1
8888,CBD,138,Diggers South / Little Diggesr,531468.3
8888,CBD,139,Macauleys Headland,531627.9
8888,CBD,140,Park  North,530589
8888,CBD,141,Park  South / North Wall,530027.1
8888,CBD,142,Jetty ,530334
8888,CBD,143,Gallows,530613
8888,CBD,144,Boambee,526849.1
8888,CBD,145,Murrays/Sawtell,523484.4
8888,CBD,146,Bonville / Bongil / Bundagen,518704.3
8888,CBD,147,North,512916.8
8888,CBD,148,Hungry Head North,499251.4
8888,CBD,149,Hungry Head,498424.5
8888,CBD,150,Schnapper,499720.2
8888,CBD,151,Wenonah Head / Valla,492219.8
8888,CBD,152,Valla Head / Walla ,490486
8888,CBD,153,South Valla,490840.4
8888,CBD,154,Hyland,489711.8
8888,CBD,155,Nambucca North,489464.4
8888,CBD,156,Nambucca Main,489192.2
8888,CBD,157,Beilbys,489407.8
8888,CBD,158,Shelly,489348.6
8888,CBD,159,V Wall,488946.4
8888,CBD,160,Entrance / Wellington,489445.5
8888,CBD,161,Forster - Scotts Head,481203.5
8888,CBD,162,Little,480939.8
8888,CBD,163,Scotts Head  / Wakki,480329.1
8888,CBD,164,Middle Head ,468751.9
8888,CBD,165,Grassy Head ,467530.9
8888,CBD,166,Stuarts Point ,465950.2
8888,CBD,167,Back ,455739
8888,CBD,168,Trial Bay Goal,458240.6
8888,CBD,169,Horseshoe Bay,455594.1
8888,CBD,170,Front  (South West Rocks),455790.5
8888,CBD,171,Little Bay,457698.2
8888,CBD,172,Gap ,455726.3
8888,CBD,173,Cobble ,458072
8888,CBD,174,North Smoky 1,458072
8888,CBD,175,North Smoky 2,458072
8888,CBD,176,North Smoky 3,458076.9
8888,CBD,177,South Smoky 1,454240.2
8888,CBD,178,South Smoky 2,448933
8888,CBD,179,Hat Head,455553
8888,CBD,180,Gap ,456404.4
8888,CBD,181,Connors ,456683.3
8888,CBD,182,Third ,459289
8888,CBD,183,Killick / Crescent Head / Front ,439703.8
8888,CBD,184,Killick  North,437815.9
8888,CBD,185,Killick  South,437787.4
8888,CBD,186,Pebbly  / Shelly ,437947.3
8888,CBD,187,Goolawah  / Back ,440547
8888,CBD,188,Racecourse / Sunset ,445842.2
8888,CBD,189,Delicate Nobby,447311.3
8888,CBD,190,Big Hill (2)   (The Rock),450045.2
8888,CBD,191,Barries,451791.1
8888,CBD,192,Point Plomer  (Fingers),453743.9
8888,CBD,193,Queens Head,453642.8
8888,CBD,194,North Shore ,396302.5
8888,CBD,195,Pelican Point / North Breakwall  / Pilot ,392745.9
8888,CBD,196,Town,388321.2
8888,CBD,197,Oxley ,388485.9
8888,CBD,198,Rocky ,388933
8888,CBD,199,Flynns ,389550
8888,CBD,200,Nobbys / The Dog ,388667.2
8888,CBD,201,Shelly,389726.8
8888,CBD,202,Pandanus Cove,389680.8
8888,CBD,203,Miners North,389493.5
8888,CBD,204,Miners South,391194.3
8888,CBD,205,Tacking Point North / Little Bay,391897.8
8888,CBD,206,Tacking Point - Lighthouse,392047.4
8888,CBD,207,Lighthouse ,384537.9
8888,CBD,208,Lake Cathie,378955.8
8888,CBD,209,Middle Rock ,377884.4
8888,CBD,210,Rainbow / Bonny Hills,371071.2
8888,CBD,211,Boat Ramp,370732.5
8888,CBD,212,Bartletts - Sponys Bay,370372.1
8888,CBD,213,Shark,369134.8
8888,CBD,214,North Haven / Grants ,366092.1
8888,CBD,215,Pilot ,369231.9
8888,CBD,216,Wash House,368862
8888,CBD,217,Pebbly  (Port Macquarie-Hastings),368489.4
8888,CBD,218,Dunbogan ,366824.6
8888,CBD,219,Kylie ,349811.3
8888,CBD,220,Crowdy Head ,344547.1
8888,CBD,221,Harrington ,342046.3
8888,CBD,222,Manning Point ,333140.5
8888,CBD,223,Old Bar,319442.2
8888,CBD,224,Saltwater / Wallabi,321300
8888,CBD,225,Saltwater / Badges,322355.2
8888,CBD,226,"Diamond (Back Saltwater, Back)",306874.9
8888,CBD,227,Diamond South ,304577.4
8888,CBD,228,Shelly,304532.9
8888,CBD,229,Black Head ,303832.5
8888,CBD,230,Pebbly,304180.6
8888,CBD,231,Diamond Reef ,304655.7
8888,CBD,232,Nine Mile ,300948.4
8888,CBD,233,Tuncurry ,300948.4
8888,CBD,234,Tuncurry Rock Pool,306035.6
8888,CBD,235,Forster Main ,307120.7
8888,CBD,236,Pebbly,307543.1
8888,CBD,237,One Mile ,310563.7
8888,CBD,238,Burgess ,311473.7
8888,CBD,239,McBrides ,314742.4
8888,CBD,240,Cape Hawke North ,315158.4
8888,CBD,241,Cape Hawke South ,315526.6
8888,CBD,242,Janies Corner,315526.6
8888,CBD,243,Seven Mile ,318769.9
8888,CBD,244,Lindeman Cove,283985.1
8888,CBD,245,Shelly,284022.7
8888,CBD,246,Elizabeth ,283481.7
8888,CBD,247,Boomerang ,283802.6
8888,CBD,248,Blueys ,283127.8
8888,CBD,249,Sandbar / Cellito ,280327.9
8888,CBD,250,Number Six ,278131.1
8888,CBD,251,Number Five ,278131.1
8888,CBD,252,Number Four ,277588.2
8888,CBD,253,Number Three ,277588.2
8888,CBD,254,Number Two ,276810.5
8888,CBD,255,Number One ,277981.3
8888,CBD,256,Boat ,279189.1
8888,CBD,257,Lighthouse ,279467.2
8888,CBD,258,Treachery ,281774.5
8888,CBD,259,Submarine / Fiona / Yagon ,283099.2
8888,CBD,260,Mungo ,242744
8888,CBD,261,Dark Point North ,234765.1
8888,CBD,262,"Bennetts  (Dark Point , White Sands, Lemon Tree, The Baskets,  Lovers Walk)",227143.1
8888,CBD,263,Hawks Nest,222817.5
8888,CBD,264,Winda Woppa,224559.6
8888,CBD,265,Jimmys,224736.7
8888,CBD,266,Soldiers Point,208434
8888,CBD,267,Soldiers Point (S),207753.3
8888,CBD,268,Little/ Little Nelson Bay,211520.5
8888,CBD,269,Wanda,206699.7
8888,CBD,270,Nelson Bay,210362.8
8888,CBD,271,Shoal Bay,212286.7
8888,CBD,272,Corlette,207982.9
8888,CBD,273,Nelson Bay Marina,209922.8
8888,CBD,274,Zenith ,213864.1
8888,CBD,275,Dutchmans,210280.8
8888,CBD,276,Bagnalls,209832
8888,CBD,277,Wreck North ,213888.2
8888,CBD,278,Wreck ,213800.8
8888,CBD,279,Box ,214557
8888,CBD,280,Fly Roads ,214557
8888,CBD,281,Fingal ,215355.8
8888,CBD,282,Shark Bay ,214557
8888,CBD,283,Samurai ,206014.1
8888,CBD,284,One Mile / Anna Bay,206510.7
8888,CBD,285,Birubi Point,202684.2
8888,CBD,286,Boulder ,205738.2
8888,CBD,287,Kingsley ,205802.5
8888,CBD,288,Little Kingsley ,205802.5
8888,CBD,289,Boat Harbour,205612.9
8888,CBD,290,Fishermans Bay,203851.7
8888,CBD,291,Newcastle Bight / Stockton,167458.6
8888,CBD,292,Stockton,170523.5
8888,CBD,293,Little Park ,171270.5
8888,CBD,294,Nobbys Head,164438.8
8888,CBD,295,Horseshoe ,164438.8
8888,CBD,296,Nobbys,164371.3
8888,CBD,297,Newcastle ,163612.7
8888,CBD,298,Susan Gilmour ,163151
8888,CBD,299,Bar ,163231.4
8888,CBD,300,Dixon Park ,163110.7
8888,CBD,301,Merewether ,163405.3
8888,CBD,302,The Gulf,163360.3
8888,CBD,303,The Gulf (S),163903.8
8888,CBD,304,Glenrock / Burwood,163271.2
8888,CBD,305,Dudley ,148982.3
8888,CBD,306,Redhead / Nine Mile ,144844.5
8888,CBD,307,Blacksmiths / Nine Mile,132999.2
8888,CBD,308,Swansea Wall  (Belmont),133508.3
8888,CBD,309,Swansea Heads ,133062.9
8888,CBD,310,Crabbes ,132482.6
8888,CBD,311,Hams ,132477.5
8888,CBD,312,Caves ,132586.5
8888,CBD,313,Stinky Point ,133768
8888,CBD,314,Quarry ,133758.4
8888,CBD,315,Pinny ,133724.7
8888,CBD,316,Catherine Hill Bay / Middle Camp ,122747.3
8888,CBD,317,Catherine Hill Bay South / Little ,122952.9
8888,CBD,318,Moonee,122591.3
8888,CBD,319,Little/Ghosties,123922.8
8888,CBD,320,Timber,123922.8
8888,CBD,321,Bongon ,124599.5
8888,CBD,322,Frazer Park,123566.9
8888,CBD,323,Deadmans/Gravelly,123279.1
8888,CBD,324,Little Birdie,123283.1
8888,CBD,325,Waterfall,119633.2
8888,CBD,326,Red Ochre,119667.3
8888,CBD,327,Birdie,118409.5
8888,CBD,328,Budgewoi,116115.1
8888,CBD,329,Lakes,117150.3
8888,CBD,330,Lakes South / Hargraves,113440
8888,CBD,331,Jenny Dixons,113290.8
8888,CBD,332,Noraville/ Cabbage Tree Harbour,114567.9
8888,CBD,333,Norah Head / Lighthouse,115404
8888,CBD,334,Gravelly/Pebbly,115396.1
8888,CBD,335,Soldiers,115575.3
8888,CBD,336,Tuggerah - Magenta,107125.7
8888,CBD,337,Magenta,107847
8888,CBD,338,Tuggerah / North Entrance,102734.2
8888,CBD,339,The Entrance,101846.5
8888,CBD,340,Blue Bay,101033.3
8888,CBD,341,Toowoon Bay,100427.5
8888,CBD,342,Little Bay,100594.8
8888,CBD,343,Shelly,99055.9
8888,CBD,344,Blue Lagoon,99546.7
8888,CBD,345,Bateau Bay,100135.1
8888,CBD,346,Forresters ,91383.4
8888,CBD,347,Spoon Bay,91834.1
8888,CBD,348,Wamberal,89493.1
8888,CBD,349,Terrigal,88613.2
8888,CBD,350,Terrigal Haven,89307
8888,CBD,351,North Avoca,90670.9
8888,CBD,352,Avoca,93787.7
8888,CBD,353,Copacabana ,94260
8888,CBD,354,MacMasters,94515.4
8888,CBD,355,Little,94852.2
8888,CBD,356,Maitland Bay,97871.9
8888,CBD,357,Ocean,87223.5
8888,CBD,358,Umina,87167.8
8888,CBD,359,Putty,98988
8888,CBD,360,Lobster,100897.1
8888,CBD,361,Bullimah,99157.6
8888,CBD,362,Killcare,98796.3
8888,CBD,363,Tallow,99917.5
8888,CBD,364,Little Tallow,99938.7
8888,CBD,365,Iron Ladder,99938.7
8888,CBD,366,Pearl,91796.3
8888,CBD,367,Patonga,95259.2
8888,CBD,368,Middle Head,92193
8888,CBD,369,Little Patonga,96076
8888,CBD,370,Flint and Steel,42736.5
8888,CBD,371,Flannel Flower,44375.8
8888,CBD,372,Hungry,41847.9
8888,CBD,373,Resolute ,44657.5
8888,CBD,374,Station (Barrebjoey),45462.6
8888,CBD,375,Great Mackerel ,43788.2
8888,CBD,376,North Palm ,45095.6
8888,CBD,377,Currawong ,43790.2
8888,CBD,378,Palm,45204.5
8888,CBD,379,Snapperman ,43938.4
8888,CBD,380,Sandy ,43497.1
8888,CBD,381,The Basin,40233.9
8888,CBD,382,Bonnie Doon,40168.3
8888,CBD,383,Portuguese ,41739.6
8888,CBD,384,Whale,42959.3
8888,CBD,385,Paradise ,40753.4
8888,CBD,386,Old Wharf,40213.4
8888,CBD,387,Clareville,41158.4
8888,CBD,388,Taylors,39568.7
8888,CBD,389,Avalon,39004
8888,CBD,390,Bilgola,37024.1
8888,CBD,391,Newport,35715.2
8888,CBD,392,Bungan,34529.4
8888,CBD,393,The Basin,33495.9
8888,CBD,394,Mona Vale,33072.2
8888,CBD,395,Warriewood,30865.8
8888,CBD,396,Turimetta / Little Narrabeen (Northern es),26813.7
8888,CBD,397,North Narrabeen,26021.2
8888,CBD,398,Narrabeen,24801.2
8888,CBD,399,South Narrabeen,24345.3
8888,CBD,400,Collaroy,22662.8
8888,CBD,401,Fishermans,22296.2
8888,CBD,402,Long Reef Head,22840.9
8888,CBD,403,Butter Box,22840.9
8888,CBD,404,Long Reef,22088.1
8888,CBD,405,Dee Why,20547.2
8888,CBD,406,North Curl Curl,20621.1
8888,CBD,407,South Curl Curl,19225
8888,CBD,408,Freshwater,18293.2
8888,CBD,409,Queenscliff,16966
8888,CBD,410,North Steyne ,16641.8
8888,CBD,411,Pickering Point,14250.9
8888,CBD,412,West Esplanande / Manly Cove,15916.4
8888,CBD,413,Delwood ,15480.2
8888,CBD,414,Manly ,16649.8
8888,CBD,415,Fairlight,15244.5
8888,CBD,416,Esplande,15248.1
8888,CBD,417,Shelly ,17495.5
8888,CBD,418,Fairy Bower,17171.7
8888,CBD,419,East Esplanade / Manly Cove,16277.7
8888,CBD,420,Sandy Bay,14881.6
8888,CBD,421,Forty Baskets ,15656.8
8888,CBD,422,Spit East ,13240.5
8888,CBD,423,Little Manly,17098.9
8888,CBD,424,Clontarf Beach,14573
8888,CBD,425,Reef ,15619.3
8888,CBD,426,Collins Flat,17270.9
8888,CBD,427,Castle Rock,15073.3
8888,CBD,428,Store ,19208.5
8888,CBD,429,Chinamans ,10782.5
8888,CBD,430,Washaway ,15708.5
8888,CBD,431,Quarantine,19362.9
8888,CBD,432,Edwards,10136.2
8888,CBD,433,Cobblers,11904.1
8888,CBD,434,Balmoral,10433
8888,CBD,435,Obelisk ,11722.7
8888,CBD,436,Lady Bay,12678.8
8888,CBD,437,Clifton Gardens / Chowder Bay,11432.4
8888,CBD,438,Camp Cove,12407.8
8888,CBD,439,Sirius Cove,10380.4
8888,CBD,440,Little Sirius Cove,10864.1
8888,CBD,441,Cabarita,15151
8888,CBD,442,Watsons Bay,11847.4
8888,CBD,443,Taylors Bay,10711
8888,CBD,444,Watsons Bay (S),11435.4
8888,CBD,445,Whiting ,11736.9
8888,CBD,446,Ashton Reserve,11064.2
8888,CBD,447,Athol ,11430.3
8888,CBD,448,Gibsons ,11532.4
8888,CBD,449,Kutti ,11065.6
8888,CBD,450,Quarantine Reserve,12136.2
8888,CBD,451,Shark,9494
8888,CBD,452,Parsley Bay ,9762.8
8888,CBD,453,Bradleys Head,11979.8
8888,CBD,454,Vaucluse Park,9783.2
8888,CBD,455,Milk,8754.7
8888,CBD,456,Bayview Park,13427.4
8888,CBD,457,Little Bay,8715.8
8888,CBD,458,Hermit,8569.2
8888,CBD,459,Queens,8481.3
8888,CBD,460,Lady Martins ,6046.7
8888,CBD,461,Carthona Ave,4196.4
8888,CBD,462,Rose Bay,7158.6
8888,CBD,463,Bellamy,5286.6
8888,CBD,464,Seven Shillings ,5081.1
8888,CBD,465,Double Bay,4376.9
8888,CBD,466,North Bondi,9028.2
8888,CBD,467,Bondi,8623.5
8888,CBD,468,Tamarama,8135.1
8888,CBD,469,Bronte,8591.9
8888,CBD,470,Clovelly,10519.4
8888,CBD,471,Gordons Bay,9791.7
8888,CBD,472,Coogee,9699.1
8888,CBD,473,Cooks River,13225.1
8888,CBD,474,Maroubra,14801.4
8888,CBD,475,Kyeemagh ,14265.6
8888,CBD,476,Maroubra South,14615.7
8888,CBD,477,Foreshore,15620.2
8888,CBD,478,Brighton-Le-Sands,15692.4
8888,CBD,479,Malabar,15147.8
8888,CBD,480,Monterey ,17291.2
8888,CBD,481,Little Bay 1,16608.1
8888,CBD,482,Yarra Bay,16442
8888,CBD,483,Little Bay 2,16632.4
8888,CBD,484,Frenchmans Bay (N) ,16393.3
8888,CBD,485,Frenchmans Bay (S) ,16601.2
8888,CBD,486,Ramsgate,18398.8
8888,CBD,487,Congwong  / La Perouse,16700.7
8888,CBD,488,Little Congwong ,17440.3
8888,CBD,489,Dolls Point ,19607
8888,CBD,490,Sandringham (N),20510.7
8888,CBD,491,Towra Point,19581.3
8888,CBD,492,Towra (E),19581.3
8888,CBD,493,Sandringham,21129.7
8888,CBD,494,Towra (W),19655.7
8888,CBD,495,Sandringham (S),22368.7
8888,CBD,496,Kurnell / Silver,37246.5
8888,CBD,497,Taren Point ,22766.8
8888,CBD,498,Pelican Point,21121.6
8888,CBD,499,Taren Point (S),24456.3
8888,CBD,500,Green Hills,32130
8888,CBD,501,Boat Harbour (Sutherland),35538.9
8888,CBD,502,Wanda,29982.6
8888,CBD,503,Elouera,30257.7
8888,CBD,504,North Cronulla,30081.7
8888,CBD,505,South Cronulla,30365.5
8888,CBD,506,Gunnamatta Park ,30576.1
8888,CBD,507,Blackwoodâs,30758.3
8888,CBD,508,Shelly,31378.3
8888,CBD,509,Lugano Ave,30592.6
8888,CBD,510,Darook Park,31768.4
8888,CBD,511,Oak Park ,32025.1
8888,CBD,512,Deeban Spit ,54342.4
8888,CBD,513,Jibbon,56582.3
8888,CBD,514,Gunyah,56261.7
8888,CBD,515,Bonnie Vale,55309.5
8888,CBD,516,Horderns ,55268.3
8888,CBD,517,Marley,51812.3
8888,CBD,518,Little Marley,51764.8
8888,CBD,519,Wattamolla,49318.2
8888,CBD,520,Garie,53915.4
8888,CBD,521,Little Garie,52890.6
8888,CBD,522,North Era,51475.8
8888,CBD,523,Era,51475.8
8888,CBD,524,Burning Palms,53027.5
8888,CBD,525,Werrong,59513.2
8888,CBD,526,Bulgo,58945.8
8888,CBD,527,Thommos Rock,59254.3
8888,CBD,528,Stanwell Park,58883.4
8888,CBD,529,Coalcliff North,60064.6
8888,CBD,530,Coalcliff,60993.7
8888,CBD,531,Scarborough North,63869
8888,CBD,532,Scarborough,65172.6
8888,CBD,533,Wombarra,65604.2
8888,CBD,534,Coledale,66891
8888,CBD,535,Sharky,67826.5
8888,CBD,536,Brickyard / Long Point,74341.2
8888,CBD,537,Little Austinmer,73782.3
8888,CBD,538,Austinmer,73479
8888,CBD,539,Thirroul,72415.5
8888,CBD,540,McCauleys,72836.2
8888,CBD,541,Sandon Point,72571.6
8888,CBD,542,Bulli,73204.8
8888,CBD,543,Woonona,74461.5
8888,CBD,544,Bellambi ,77421.3
8888,CBD,545,Bellambi Point,78063.6
8888,CBD,546,East Corrimal,77953.6
8888,CBD,547,Corrimal,78016.4
8888,CBD,548,Towradgi,78804.7
8888,CBD,549,Fairy Meadow,79636.4
8888,CBD,550,Puckey's ,79917.4
8888,CBD,551,North Wollongong,83874.7
8888,CBD,552,Belmore / Wollongong Harbour (Brighton),84526.9
8888,CBD,553,Wollongong City,84806.3
8888,CBD,554,Wollongong South,87288.4
8888,CBD,555,Port Kembla Harbour,93002.2
8888,CBD,556,MM,94318.8
8888,CBD,557,Fishermans ,95064.4
8888,CBD,558,Port Kembla,94486.9
8888,CBD,559,Perkins - Windang,97358.4
8888,CBD,560,Windang  (South),99375.2
8888,CBD,561,Warilla North,100769.9
8888,CBD,562,Warilla,100661.4
8888,CBD,563,Warilla South,102347.6
8888,CBD,564,Shellharbour North /Nuns,103860
8888,CBD,565,Shellharbour / Boatharbour,104696.9
8888,CBD,566,Shellharbour South,105234.8
8888,CBD,567,The Jetty (Shallows),106678.3
8888,CBD,568,The Middy / Redsands,107651.7
8888,CBD,569,Bushrangers Bay,109129.4
8888,CBD,570,Maloneys,107874.1
8888,CBD,571,Killalea / The Farm,113782.4
8888,CBD,572,Minnamurra / Mystics,117385.8
8888,CBD,573,Jones / Boyds,117107.3
8888,CBD,574,The Boneyard  / Cathederal Rocks,119900.2
8888,CBD,575,Kiama / Bombo,120506
8888,CBD,576,Black,121866.1
8888,CBD,577,Surf,122908.9
8888,CBD,578,Kendalls,125583.2
8888,CBD,579,Easts,125182.4
8888,CBD,580,Loves Bay,126012
8888,CBD,581,Werri ,131332.1
8888,CBD,582,Gerringong Harbour / Boat Harbour ,132244.3
8888,CBD,583,Walkers,133523.5
8888,CBD,584,Gerroa / Seven Mile,135429.7
8888,CBD,585,Mid Seven Mile ,139284.6
8888,CBD,586,Seven Mile Beach,140068
8888,CBD,587,Shoalhaven Heads,148517.7
8888,CBD,588,Comerong Island,177394.3
8888,CBD,589,Tilbury Cove,184556.7
8888,CBD,590,Crookhaven / Culburra,184641.8
8888,CBD,591,Warrain North,184641.1
8888,CBD,592,Warrain South,188685.6
8888,CBD,593,Hare Bay,186497.1
8888,CBD,594,Callala Bay,184118
8888,CBD,595,Chinamans,189717.6
8888,CBD,596,Wilson,195789.9
8888,CBD,597,Lobster Bay,195907.6
8888,CBD,598,Currarong,192749.4
8888,CBD,599,Abrahams Bosom,195789.9
8888,CBD,600,Callala,186609.9
8888,CBD,601,Cabbage Tree ,197978
8888,CBD,602,Long ,196043.8
8888,CBD,603,Shark Net  / Tapalla Point,186919.4
8888,CBD,604,Figtree Inlet,197237.8
8888,CBD,605,Huskisson,187694.1
8888,CBD,606,Bindijine ,199679.7
8888,CBD,607,Honeymoon Bay,200202.6
8888,CBD,608,Collingwood,189128.3
8888,CBD,609,Orion ,191280.6
8888,CBD,610,Barfleur ,191898.2
8888,CBD,611,Target,200791
8888,CBD,612,Target North 2 ,200791
8888,CBD,613,Target North 1,200791
8888,CBD,614,Nelson,192194.4
8888,CBD,615,Bream Creek / Boat Harbour ,202387.2
8888,CBD,616,Silica Cove,200791
8888,CBD,617,Blenheim ,192658.9
8888,CBD,618,Greenfield ,193378.1
8888,CBD,619,Chinamans ,193524.5
8888,CBD,620,Hyams Point,193054.9
8888,CBD,621,Hyams,193346.7
8888,CBD,622,Hyams,193346.7
8888,CBD,623,Murrays,202412.1
8888,CBD,624,Captains,197633.9
8888,CBD,625,Bristol Point,199535.9
8888,CBD,626,The Wall / Hole in the Wall,200887.2
8888,CBD,627,Greenpatch / Iluka,198651.2
8888,CBD,628,Scottish Rocks,199770.5
8888,CBD,629,Cave  ,198797.7
8888,CBD,630,Bherwerre,198824.9
8888,CBD,631,Mary Cove,200935.4
8888,CBD,632,Summercloud Bay,201086.7
8888,CBD,633,Steamers,200717
8888,CBD,634,Whiting South,201482.8
8888,CBD,635,Whiting ,201423.2
8888,CBD,636,Whiting North,201482.8
8888,CBD,637,Blackharbour,201482.8
8888,CBD,638,Kittys North,201482.8
8888,CBD,639,Sussex Inlet,209009.4
8888,CBD,640,Kittys ,201482.8
8888,CBD,641,Cudmirrah,208795.7
8888,CBD,642,Berrara / Kirbys,210858.6
8888,CBD,643,Berrara Point,211601.3
8888,CBD,644,Berrara South,211799.7
8888,CBD,645,Bangalay,215608.7
8888,CBD,646,Monument,220221.4
8888,CBD,647,Flat Rock,220030.9
8888,CBD,648,Dee,219805.8
8888,CBD,649,Washerwoman,219203.2
8888,CBD,650,Boat Harbour,219497.6
8888,CBD,651,Red Head / One Tree ,219822.4
8888,CBD,652,Bendalong / Inyadda,219646.7
8888,CBD,653,Manyana,219402.4
8888,CBD,654,Cunjurong Point,221000.6
8888,CBD,655,Conjola,220920.5
8888,CBD,656,Buckleys,226317.1
8888,CBD,657,Narrawallee,225784.5
8888,CBD,658,Jones,226115.6
8888,CBD,659,Mollymook North,225907.8
8888,CBD,660,Mollymook Mid,225379.1
8888,CBD,661,Mollymook,226532.1
8888,CBD,662,Golf Course Reef,227074.3
8888,CBD,663,Collers,227017.5
8888,CBD,664,Ulladulla Harbour North,226977.1
8888,CBD,665,Ulladulla Harbour,227128.5
8888,CBD,666,Ulladulla Harbour Sea Pool,227761.5
8888,CBD,667,Warden Head North,228443.7
8888,CBD,668,Warden Head South,229003.6
8888,CBD,669,Ulladulla / Bombie,228956.4
8888,CBD,670,Rennies,228743.2
8888,CBD,671,Racecourse,229558.5
8888,CBD,672,Racecourse South / Supertubes / Dolphin Point (?),230229.8
8888,CBD,673,Burrill,231525.2
8888,CBD,674,Wairo ,236592.5
8888,CBD,675,Tabourie,240299.7
8888,CBD,676,Stokes Island,240427.3
8888,CBD,677,Sunburnt,240427.3
8888,CBD,678,Termeil Lake,246053.7
8888,CBD,679,Meroo,246321.6
8888,CBD,680,Nuggan Point,253217.6
8888,CBD,681,North,253145.2
8888,CBD,682,Bawley ,253049.7
8888,CBD,683,Cormorant,253638.6
8888,CBD,684,Gannet,254482.5
8888,CBD,685,Murramarang,255671.9
8888,CBD,686,Cat and Kitten,255931.4
8888,CBD,687,Bull Pup,256075.7
8888,CBD,688,Racecourse,257027.8
8888,CBD,689,Shelly  (Shoalhaven),257301.3
8888,CBD,690,Avenue,257955.6
8888,CBD,691,Kioloa,259132.2
8888,CBD,692,Boat Ramp,259912.6
8888,CBD,693,Merry ,260342.6
8888,CBD,694,Pretty ,260766.4
8888,CBD,695,O'hara Island,260766.4
8888,CBD,696,O'Hara (S1),260766.4
8888,CBD,697,Singing Stones,260766.4
8888,CBD,698,O'Hara (S2),260766.4
8888,CBD,699,O'Hara (S3),260766.4
8888,CBD,700,Dawson Island North,260766.4
8888,CBD,701,Dawson Island South,260766.4
8888,CBD,702,Snake Bay North,266279.2
8888,CBD,703,Snake Bay South,265858.1
8888,CBD,704,Burns Bay,267578.2
8888,CBD,705,Pebbly ,267677
8888,CBD,706,Depot ,274116.9
8888,CBD,707,Tranquillity Bay,274700.1
8888,CBD,708,Durras North,276085.2
8888,CBD,709,Durras,277327.6
8888,CBD,710,Durras South / Cookies,276779.9
8888,CBD,711,Beagle Bay / Mills,278187.6
8888,CBD,712,Emily Miller,278519.8
8888,CBD,713,Dark,279603
8888,CBD,714,Myrtle,279622
8888,CBD,715,South Myrtle,280275.9
8888,CBD,716,Richmond,281169.5
8888,CBD,717,Cullendulla,278185
8888,CBD,718,Surfside,279526.3
8888,CBD,719,Surfside  South ,279096
8888,CBD,720,Oaky ,281169.5
8888,CBD,721,Long North 2,278489.1
8888,CBD,722,Long,278237.3
8888,CBD,723,Long North 1,278993.5
8888,CBD,724,Maloneys,279640.8
8888,CBD,725,Honeysuckle,280506.1
8888,CBD,726,Acheron Ledge,280299.6
8888,CBD,727,Chain Bay,280318
8888,CBD,728,Acheron Ledge North,280299.6
8888,CBD,729,North Head ,280299.6
8888,CBD,730,Corrigans,282721.8
8888,CBD,731,Batehaven / Caseys,284119.9
8888,CBD,732,Sunshine Cove,285820.1
8888,CBD,733,Denhams,289173.5
8888,CBD,734,Surf ,288532.5
8888,CBD,735,Wimbie,288383.3
8888,CBD,736,Circuit,289156.2
8888,CBD,737,Lilli Pilli,290208.4
8888,CBD,738,Mosquito Bay,290474.1
8888,CBD,739,Garden Bay,291352.9
8888,CBD,740,Malua Bay,292042.5
8888,CBD,741,Pretty Point Bay,293363.4
8888,CBD,742,McKenzies ,293321.4
8888,CBD,743,Rosedale North,296178.5
8888,CBD,744,Rosedale,300703
8888,CBD,745,Jimmies Island,300904.2
8888,CBD,746,Nuns ,300789.9
8888,CBD,747,Black,300419
8888,CBD,748,Guerilla Bay North,299682.2
8888,CBD,749,Guerilla Bay,299313.3
8888,CBD,750,Barlings,297319.3
8888,CBD,751,Burrewarra Point 3 / Little Paddock,298613.6
8888,CBD,752,Burrewarra Point 2,298857.1
8888,CBD,753,Tomakin Cove,296562.8
8888,CBD,754,Burrewarra Point 4 ,297893.4
8888,CBD,755,Burrewarra Point 1,299435.4
8888,CBD,756,Tomakin,296578.8
8888,CBD,757,Broulee,300093.2
8888,CBD,758,Broulee Spit,301636.8
8888,CBD,759,Bengello  / South Broulee / South,301517.4
8888,CBD,760,North Head / Airport,307696.3
8888,CBD,761,Moruya Heads 1,314487.2
8888,CBD,762,Moruya Heads 2,314487.2
8888,CBD,763,Shelly ,314352.2
8888,CBD,764,Moruya (Heads),314003
8888,CBD,765,Pedro,316344.5
8888,CBD,766,Congo,322024
8888,CBD,767,Congo Point South 1,320796.9
8888,CBD,768,Congo Point South 2,320656.4
8888,CBD,769,Meringo,319732
8888,CBD,770,Koonwarra / Meringo  South,320141.9
8888,CBD,771,Mullimburra Point / Family / Honeymoon,322674.8
8888,CBD,772,Mullimburra Point South 1,322547.3
8888,CBD,773,Mullimburra Point South 2,322466.4
8888,CBD,774,Mullimburra Point South 3,321593.4
8888,CBD,775,Kellys Lake,321480.6
8888,CBD,776,Bingie Bingie Point ,322001.8
8888,CBD,777,Bingie ,323585.6
8888,CBD,778,Coila Bar,325888.8
8888,CBD,779,Coila South  (Stonesys),325830.2
8888,CBD,780,Tarandore Point / Plantation ,326016
8888,CBD,781,One Tree,326396.6
8888,CBD,782,Tuross Head,326688.5
8888,CBD,783,Tuross Entrance,326574.5
8888,CBD,784,South Tuross,340694.1
8888,CBD,785,Blackfellows Point,340694.1
8888,CBD,786,Piccaninny,340425.8
8888,CBD,787,Potato,339458.3
8888,CBD,788,Jemisons,339119.8
8888,CBD,789,Brou,340328.4
8888,CBD,790,Dalmeny,343477.5
8888,CBD,791,Joshs,344244.6
8888,CBD,792,Yabbara,344916
8888,CBD,793,Duesburys,344141.2
8888,CBD,794,Kianga,345002.3
8888,CBD,795,Kianga South,347089.4
8888,CBD,796,Carters,347125.8
8888,CBD,797,Bar ,347480.6
8888,CBD,798,Wagonga Inlet / Bar South,347839.8
8888,CBD,799,Smugglers Cove,349006.7
8888,CBD,800,Narooma,349490.8
8888,CBD,801,Glass House Rocks North,351248.1
8888,CBD,802,Glass House Rocks South 1,351248.1
8888,CBD,803,Glass House Rocks South 2,353063.5
8888,CBD,804,Bullengella,353063.5
8888,CBD,805,Handkerchief,352587.1
8888,CBD,806,Barunga Point,353112.1
8888,CBD,807,Bogola Head,355385.6
8888,CBD,808,Fuller North,355628.9
8888,CBD,809,Fuller South,355317.3
8888,CBD,810,Loader,356616.4
8888,CBD,811,Corunna Point / Billies,359226.4
8888,CBD,812,Mystery Bay,359589
8888,CBD,813,Cape Dromedary South 1,359958.7
8888,CBD,814,Cape Dromedary South 2,360895.7
8888,CBD,815,Cape Dromedary South 3,361716.4
8888,CBD,816,Tilba Tilba North,362097.5
8888,CBD,817,Tilba Tilba,362066.8
8888,CBD,818,Tilba Tilba Head,365426.1
8888,CBD,819,Little Lake,365823.9
8888,CBD,820,Wallaga Lake,369540.8
8888,CBD,821,Pebbly,373006.7
8888,CBD,822,Camel Rock,372968.7
8888,CBD,823,Haywards,374407.7
8888,CBD,824,Haywards Point,378913
8888,CBD,825,Keatings Head,378934.7
8888,CBD,826,Morehead,379829.7
8888,CBD,827,Bermagui Inlet 1,380217.5
8888,CBD,828,Bermagui Inlet 2,381116.7
8888,CBD,829,Horseshoe Bay,381118.9
8888,CBD,830,Beares North,381650.3
8888,CBD,831,Beares,381867.4
8888,CBD,832,Breakaway,382776
8888,CBD,833,Zane Grey Pool,383492.4
8888,CBD,834,Jerimbut Point,383795.4
8888,CBD,835,Jaggers,384572.6
8888,CBD,836,Baragoot,386359.6
8888,CBD,837,Cuttagee,388778
8888,CBD,838,Mills,389312.8
8888,CBD,839,Barragga Bay,391169.5
8888,CBD,840,Armonds Bay,390721.5
8888,CBD,841,Murrah - Bunga,397738.2
8888,CBD,842,Bunga North,400314.1
8888,CBD,843,Bunga,400314.1
8888,CBD,844,Bunga South,399535.1
8888,CBD,845,Aragunnu Bay,403892.1
8888,CBD,846,Bengunnu Point North,407884.5
8888,CBD,847,Begunnu Point 1,407884.5
8888,CBD,848,Begunnu Point 2,407602.7
8888,CBD,849,Picnic North,407884.5
8888,CBD,850,Picnic ,407793.3
8888,CBD,851,Picnic Point,407940.9
8888,CBD,852,Bithry Inlet North,407905.9
8888,CBD,853,Bithry Inlet,409042.4
8888,CBD,854,Penders ,413980.1
8888,CBD,855,Middle North,414398.2
8888,CBD,856,Middle South,419638.5
8888,CBD,857,Gillards,419219.3
8888,CBD,858,Cowdroys,419375.7
8888,CBD,859,Nelson ,421635.8
8888,CBD,860,Moon Bay,421366.8
8888,CBD,861,Paspalum Point,421366.8
8888,CBD,862,Mogareeka Inlet,421150
8888,CBD,863,Tathra,424084.8
8888,CBD,864,Kianinny Bay,425648.9
8888,CBD,865,Boulder Bay,425734.3
8888,CBD,866,Games Bay,444811
8888,CBD,867,Wallagoot Gap,447252.7
8888,CBD,868,Wallagoot - Bournda,448490.9
8888,CBD,869,Bournda Island,450590
8888,CBD,870,North Tura / Dolphin Cove,454885.6
8888,CBD,871,Tura Head,455592.2
8888,CBD,872,Short Point / Tura,457390.6
8888,CBD,873,Middle ,457813.3
8888,CBD,874,Bar ,457783.5
8888,CBD,875,Merimbula,457054.9
8888,CBD,876,Pambula,461328.3
8888,CBD,877,Shelly,475132.3
8888,CBD,878,Little / Jigums,462219.8
8888,CBD,879,Bar Mouth South,462203.1
8888,CBD,880,Bar Mouth North,462203.1
8888,CBD,881,Long  / Haycock,473972.5
8888,CBD,882,Quondolo,471052.1
8888,CBD,883,Pinnacles,469331.5
8888,CBD,884,Worang Point,476260.7
8888,CBD,885,Aslings,476942.8
8888,CBD,886,Cattle Bay Wharf,477382.7
8888,CBD,887,Snug Cove,477959.5
8888,CBD,888,Yallumgo Cove,477725.8
8888,CBD,889,Cocora,478066.6
8888,CBD,890,By ,478045.9
8888,CBD,891,Bungo,479312.3
8888,CBD,892,Rixons,480088.4
8888,CBD,893,Quarantine Bay,480183.6
8888,CBD,894,Legges,481312.5
8888,CBD,895,Brandy Creek ,481451.7
8888,CBD,896,Currawulla,482497.1
8888,CBD,897,Northcote,482784.2
8888,CBD,898,Boydtown,485958.6
8888,CBD,899,Torarago Point,485844.7
8888,CBD,900,Moutrys,485844.7
8888,CBD,901,Munganno North,512063.3
8888,CBD,902,Munganno South,511975.3
8888,CBD,903,Edrom 2,511975.3
8888,CBD,904,Edrom 1 ,511953.2
8888,CBD,905,Whale ,510247.1
8888,CBD,906,Brierly Point,510247.1
8888,CBD,907,Brierly Point East 1,510121.6
8888,CBD,908,Brierly Point East 2,510011.8
8888,CBD,909,Fisheries,511516.5
8888,CBD,910,Leatherjacket Bay,508492.8
8888,CBD,911,Mowarry Point (2),517215
8888,CBD,912,Mowarry Point (1),517215
8888,CBD,913,Saltwater North,517505.9
8888,CBD,914,Saltwater Creek,517505.9
8888,CBD,915,Bittangabee Bay,519445.7
8888,CBD,916,Disaster Bay,515417.2
8888,CBD,917,Wonboyn Bay,511055.1
8888,CBD,918,Merrica,517210.6
8888,CBD,919,1568,517210.6
8888,CBD,920,Jane Spiers North,517210.6
8888,CBD,921,Jane Spiers,517210.6
8888,CBD,922,Newtons,517861.8
8888,CBD,923,Little Creek,520835.5
8888,CBD,924,Nadgee,534453.7
8888,CBD,925,Nadgee Lake,534688.4
8888,CBD,926,Cape Howe,536761.8
