Topic,Word
0,"['site' 'say' 'service' 'company' 'car' 'cost' 'tenant' 'year' 'energy'
 'get' 'housing' 'plant' 'grow' 'solution' 'good' 'com' 'business' 'hire'
 'offer' 'barley' 'installation' 'instal' 'datum' 'power' 'tour'
 'state_government' 'precinct' 'contract' 'produce' 'planet' 'travel'
 'purchase' 'malt' 'retail' 'industrial' 'government' 'spend' 'innovative'
 'see' 'day' 'wholesale' 'market' 'plan' 'separation' 'delay' 'city'
 'capacity' 'operator' 'large' 'rohrsheim' 'hour' 'start' 'deliver' 'time'
 'include' 'late' 'soon' 'place' 'set' 'go' 'option' 'continue' 'many'
 'island' 'range' 'customer' 'trade' 'home' 'booking' 'fee' 'system'
 'little' 'distributor' 'australian' 'applaud' 'visit' 'light' 'recommend'
 'state' 'exist' 'hotel' 'make' 'destination' 'former' 'turnover' 'detail'
 'major' 'yesterday' 'accommodation' 'bank' 'price' 'generate' 'great'
 'bill' 'provide' 'battery' 'facility' 'commercial' 'area' 'buy']"
1,"['goal' 'southern' 'lead' 'kick' 'opening' 'cycling' 'south' 'area'
 'quarter' 'football' 'rack' 'good' 'sabre' 'change' 'vansittart'
 'football_league' 'gold' 'time' 'eagle' 'roo' 'lion' 'eastern' 'group'
 'assist' 'wattle' 'luncheon' 'campaigner' 'silver' 'damian' 'reappointe'
 'head' 'flinder' 'list' 'plain' 'zone' 'amazing' 'regain' 'tour' 'choose'
 'squad' 'approach' 'hard' 'golden_grove' 'candidate' 'brand' 'impressed'
 'official' 'follow' 'overcome' 'experience' 'hamper' 'kntfl' 'pursuit'
 'youthful' 'overall' 'elude' 'optimism' 'municipality' 'representative'
 'committee' 'wind' 'decorate' 'key' 'train' 'even' 'participate' 'member'
 'short' 'education' 'school' 'use' 'force' 'produce' 'festival' 'house'
 'function' 'bombard' 'heinju' 'deficit' 'finalise' 'melrose'
 'cooperative' 'serie' 'goal_kicke' 'kicker' 'fluctuate' 'landmark'
 'gilling' 'trounce' 'anthony_richardson' 'ruck' 'lift' 'secondary'
 'control' 'fortune' 'storm' 'mark' 'steal' 'medal' 'contribute']"
2,"['last' 'goal' 'first' 'year' 'huddle' 'half' 'kick' 'ball' 'crow'
 'season' 'play' 'old' 'microscope' 'hawthorn' 'line' 'look' 'second'
 'team' 'miss' 'quarter' 'unable' 'hawk' 'wing' 'shake' 'hint' 'rite'
 'premiership' 'lay' 'silkiness' 'night' 'mostly' 'month' 'really' 'get'
 'match' 'metre' 'tag' 'crowd' 'tell' 'mark' 'player' 'lose' 'story'
 'stand' 'forward' 'touch' 'brown' 'massage' 'snatch' 'tale' 'time'
 'confidence' 'forecast' 'even' 'barely' 'beat' 'air' 'minute'
 'preparation' 'almost' 'arrive' 'acute' 'adelaide' 'point' 'game'
 'reason' 'drop' 'clean' 'rare' 'busy' 'repeatedly' 'human' 'personal'
 'back' 'roll' 'full' 'away' 'many' 'fifth' 'gain' 'pocket' 'roughead'
 'imaginary' 'atrociously' 'longitudinal' 'unsettled' 'coolly' 'angle'
 'surprising' 'leg' 'improvise' 'mild' 'crispness' 'slip' 'except' 'mad'
 'possession' 'luke' 'punt' 'sorely']"
3,"['tip' 'er' 'development' 'return' 'entertainment' 'year' 'reception'
 'round' 'factor' 'crocodile' 'basket' 'go' 'intellectual' 'king'
 'demetri' 'wildcat' 'nbl' 'cairns_taipan' 'mark' 'lexi' 'outdoor'
 'gladstone' 'rawson' 'reign' 'rob' 'excitement' 'equity' 'arena_pm_round'
 'tab_title_odd' 'sydney_king' 'croc' 'darnell_lazare' 'room' 'huge'
 'light' 'back' 'straight' 'public' 'boost' 'tiger' 'able' 'crowd'
 'centre' 'new' 'playoff' 'ball' 'great' 'extinction' 'new_zealand'
 'feature' 'estimate' 'last' 'huon' 'vickerman' 'warne' 'tragardh'
 'perth_wildcat' 'jarrid' 'heal' 'townsville' 'rhy' 'douse' 'wollongong'
 'cook' 'dark' 'party' 'goldendale' 'attraction' 'corporate' 'become'
 'area' 'watch' 'draw' 'sally' 'semi_final' 'impact' 'pre_season' 'game'
 'cate' 'regan' 'end' 'spend' 'number' 'worldwide' 'drill' 'powerhouse'
 'category' 'potential' 'facilitate' 'introduction' 'gas' 'prize' 'museum'
 'total' 'emerge' 'scientific' 'lose' 'vector' 'fate' 'byda']"
4,"['say' 'test' 'rock' 'first' 'yesterday' 'make' 'get' 'take' 'bowl'
 'tomorrow' 'bowling' 'australian' 'wicket' 'terrace' 'play' 'attack'
 'come' 'time' 'medium' 'lot' 'selector' 'right' 'bit' 'class' 'adelaide'
 'possibly' 'decision' 'fast_bowler' 'bowler' 'short' 'pace' 'ensure'
 'luggage' 'see' 'bite' 'aggression' 'probably' 'captain' 'think' 'feel'
 'swing' 'pressure' 'short_pitche' 'ground' 'playoff' 'still' 'session'
 'brad_william' 'indian' 'day' 'haul' 'go' 'future' 'favourite' 'thing'
 'guy' 'give' 'admit' 'model' 'heat' 'different' 'length' 'chairman'
 'morning' 'catch' 'stuff' 'fever' 'plan' 'match' 'long' 'rest' 'mix'
 'selection' 'grow' 'need' 'baseball_league' 'th' 'western' 'style'
 'bounce' 'batsman' 'man' 'monster' 'ready' 'green' 'create' 'enough'
 'delivery' 'flight' 'leave' 'official' 'select' 'pick' 'difficult' 'put'
 'series' 'tend' 'substantial' 'signature' 'suit']"
5,"['tea' 'wine' 'restaurant' 'pm' 'garden' 'glass' 'hotel'
 'unearthly_delight' 'bar' 'course' 'theatre' 'street' 'road' 'show'
 'night' 'main' 'room' 'lunch' 'comedy' 'cafe' 'blue' 'art' 'time' 'big'
 'entry' 'city' 'special' 'late' 'south' 'centre' 'live' 'tour' 'dining'
 'holden_street_theatre' 'worker' 'club' 'guest' 'gluttony_carry' 'feast'
 'town' 'studio' 'high' 'rhino_room' 'international' 'roll' 'old' 'jazz'
 'day' 'table' 'song' 'man' 'luxury' 'beer' 'queen' 'life'
 'bakehouse_theatre' 'north' 'point' 'lounge' 'light' 'pub' 'tale'
 'higher_ground' 'little' 'hop' 'castle' 'spare' 'world' 'modern' 'magic'
 'hour' 'meal' 'patience' 'bus' 'variety' 'weekend' 'love' 'hasting'
 'present' 'great' 'meet' 'butterfly' 'phone' 'chat' 'coder' 'flame'
 'tuxedo_cat_blue' 'unearthly_delights_le' 'eat' 'play' 'stuff' 'peep'
 'burst' 'extra' 'upstairs' 'advance' 'tribute' 'colour' 'stranger'
 'forest']"
6,"['limit' 'group' 'limited' 'company' 'australian' 'resource' 'tax'
 'investment' 'hold' 'service' 'energy' 'report' 'liberal' 'corporation'
 'mining' 'international' 'trading' 'capital' 'management' 'labor'
 'property' 'payable' 'finance' 'financial' 'fund' 'profit' 'independent'
 'pay' 'power' 'include' 'construction' 'medium' 'food' 'trust' 'datum'
 'network' 'system' 'note' 'gas' 'global' 'infrastructure' 'large'
 'industry' 'page' 'acquisition' 'year' 'supply' 'offshore' 'terrorist'
 'plantation' 'chemical' 'information' 'raid' 'retailer' 'treble' 'asset'
 'northern' 'development' 'export' 'stride' 'terror' 'link' 'accuse'
 'assessment' 'federal_government' 'enterprise' 'tower' 'distribution'
 'deal' 'rental' 'water' 'premier' 'kwh' 'gold' 'compare' 'consist'
 'engineering' 'save' 'commissioner' 'agency' 'result' 'family' 'shop'
 'leader' 'kennard' 'equity' 'partner' 'private' 'takeover' 'annual'
 'market' 'interlink' 'foil' 'peak' 'storage' 'consolidated' 'explosive'
 'super' 'boundary' 'agricultural']"
7,"['test' 'say' 'result' 'case' 'people' 'covid' 'restriction' 'get'
 'health' 'service' 'sa_pathology' 'personify_care' 'ease' 'new' 'symptom'
 'negative' 'authority' 'send' 'border' 'week' 'testing' 'alert' 'active'
 'state' 'check' 'surgery' 'ray' 'control' 'online' 'available' 'contact'
 'elective' 'flight' 'bring' 'daily' 'remain' 'cold' 'issue' 'tomorrow'
 'text' 'due' 'sore' 'innovation' 'care' 'police' 'much' 'detect'
 'process' 'second' 'warn' 'recover' 'manufacturing' 'regional' 'place'
 'urge' 'negative_result' 'mind' 'consecutive' 'digital' 'virus' 'trace'
 'come' 'coronavirus' 'quarantine' 'company' 'positive' 'develop' 'bomb'
 'security' 'peace' 'manually' 'portal' 'denpasar' 'critical_condition'
 'blitz' 'row' 'wave' 'soon' 'meanwhile' 'suspect' 'delay' 'roll'
 'explosive' 'protective' 'confirm' 'cabinet' 'wellbeing' 'equipment'
 'help' 'receive' 'ensure' 'concern' 'technology' 'increase' 'seasonal'
 'export' 'announce' 'availability' 'capability' 'facility']"
8,"['year' 'play' 'producer' 'see' 'director' 'say' 'write' 'last' 'artistic'
 'playwright' 'go' 'production' 'debut' 'gig' 'stage' 'fourth' 'film'
 'girl' 'end' 'first' 'writer' 'show' 'album' 'well' 'act' 'take' 'script'
 'punch' 'australian' 'musical' 'call' 'stump' 'bowl' 'batsman' 'career'
 'theatre' 'turn' 'also' 'open' 'make' 'effort' 'believe' 'touring'
 'month' 'pace' 'prize' 'learn' 'test' 'bit' 'urge' 'colour' 'raise' 'old'
 'place' 'performance' 'produce' 'thing' 'mcgrath' 'family' 'think' 'drop'
 'speed' 'hit' 'cast' 'leave' 'idea' 'much' 'young' 'tour' 'day' 'barely'
 'probably' 'mcgregor' 'national' 'buck' 'man' 'come' 'father' 'know'
 'conference' 'fund' 'time' 'schedule' 'good' 'opposition' 'pour' 'knock'
 'next' 'literary' 'follow' 'attack' 'get' 'need' 'start' 'romantic'
 'money' 'add' 'author' 'curator' 'songwriter']"
9,"['say' 'business' 'sport' 'merchandise' 'new' 'program' 'location' 'kid'
 'happen' 'create' 'sell' 'parent' 'ready_steady_go_kid' 'market' 'child'
 'franchise' 'brand' 'grown' 'untapped' 'drainage' 'buy' 'need' 'take'
 'use' 'mimic' 'introduce' 'multi' 'get' 'organise' 'suitable' 'pay'
 'textile' 'year' 'company' 'also' 'grow' 'pre' 'term' 'plan' 'minimise'
 'reason' 'football' 'number' 'revenue' 'product' 'past' 'schooler' 'see'
 'first' 'profit_organisation' 'condition' 'include' 'launch' 'website'
 'establish' 'booking' 'surprised' 'online' 'small' 'activity' 'few'
 'enrolment' 'next' 'nationally' 'fact' 'train' 'niche' 'size' 'double'
 'per_cent' 'add' 'power' 'perform' 'prototype' 'enrol' 'style' 'dog'
 'rory' 'derbyshire' 'pendlebury' 'steph' 'cocktail' 'luke_jamieson'
 'preiss' 'ecommerce' 'preschool' 'negotiate' 'park' 'week'
 'international' 'backyard' 'game' 'appear' 'tap' 'stage' 'soccer'
 'school' 'field' 'tapas' 'interest']"
10,"['innovation' 'business' 'program' 'event' 'say' 'support' 'technology'
 'opportunity' 'sector' 'conference' 'industry' 'company' 'also' 'year'
 'international' 'provide' 'access' 'showcase' 'state' 'hub' 'australian'
 'development' 'first' 'establish' 'start' 'core' 'incubator' 'part'
 'collaboration' 'base' 'award' 'include' 'global' 'new' 'market'
 'partnership' 'resource' 'trial' 'chief' 'ecosystem' 'grow' 'lead'
 'class' 'operation' 'attract' 'innovator' 'mining' 'winner' 'adelaide'
 'manufacturer' 'skill' 'research' 'vehicle' 'success' 'connect'
 'presence' 'run' 'early' 'create' 'summit' 'emerge' 'hardy' 'networking'
 'receive' 'project' 'scale' 'connection' 'incubation' 'knowledge'
 'foster' 'open' 'national' 'grant' 'shuttle' 'fast' 'south' 'profit'
 'offer' 'today' 'energy' 'medium' 'strong' 'category' 'contract'
 'partner' 'economic' 'entrepreneur' 'continue' 'specialise' 'possible'
 'together' 'looking_forward' 'close' 'demonstrate' 'month' 'com' 'come'
 'wine' 'maker' 'training']"
11,"['start' 'say' 'entrepreneur' 'start_up' 'space' 'business' 'get'
 'innovation' 'go' 'adelaide' 'idea' 'new' 'state' 'year' 'need' 'also'
 'global' 'world' 'work' 'people' 'company' 'first' 'big'
 'state_government' 'founder' 'centre' 'entrepreneurial' 'week'
 'university' 'think' 'program' 'include' 'opportunity' 'industry' 'hub'
 'ecosystem' 'really' 'take' 'community' 'come' 'build' 'develop' 'part'
 'mentor' 'local' 'job' 'event' 'plan' 'director' 'support' 'funding'
 'government' 'set' 'international' 'fund' 'tech' 'open' 'launch' 'run'
 'investor' 'lot' 'hope' 'help' 'know' 'co' 'move' 'make' 'well' 'speaker'
 'research' 'office' 'network' 'together' 'australian' 'already'
 'venture_capital' 'home' 'see' 'happen' 'key' 'good' 'focus' 'successful'
 'place' 'find' 'want' 'great' 'back' 'involve' 'day' 'last' 'venture'
 'investment' 'overseas' 'incubator' 'next' 'conference' 'base' 'partner'
 'recently']"
12,"['reward' 'supermarket' 'retailing' 'exploration' 'program' 'say' 'store'
 'big' 'dress' 'woolworth' 'business' 'education' 'retailer' 'lot'
 'company' 'get' 'way' 'transport' 'talk' 'save' 'carbon' 'sometime'
 'conditioning' 'introductory' 'original' 'dressed' 'officially_opene'
 'agree' 'part' 'present' 'include' 'low' 'equivalent' 'short' 'gather'
 'right' 'monitor' 'money' 'tell' 'address' 'giant' 'footprint' 'gaze'
 'navel' 'sample' 'landfill' 'go' 'co' 'generate' 'mission' 'leader'
 'australian' 'think' 'issue' 'goal' 'ratio' 'imaging' 'take' 'air'
 'recently' 'merger' 'come' 'quarter' 'lighting' 'begin' 'community'
 'eventually' 'consultant' 'guess' 'biotechnology' 'booth' 'practitioner'
 'static' 'purely' 'proval' 'match' 'potentially' 'global' 'laptop' 'want'
 'executive' 'mobile' 'set' 'partner' 'curriculum' 'problem_solve' 'water'
 'solution' 'quit' 'yesterday' 'energy' 'recycle' 'learn' 'cut'
 'advisory_board' 'expert' 'panel' 'highlight' 'impact' 'journey']"
13,"['say' 'company' 'business' 'year' 'work' 'start' 'help' 'people' 'grow'
 'customer' 'make' 'also' 'platform' 'first' 'create' 'investment'
 'include' 'last' 'launch' 'time' 'base' 'use' 'market' 'tech' 'software'
 'month' 'technology' 'focus' 'team' 'see' 'founder' 'australian' 'build'
 'world' 'service' 'product' 'user' 'investor' 'look' 'app' 'want' 'new'
 'good' 'really' 'growth' 'go' 'staff' 'attract' 'lot' 'expand' 'idea'
 'way' 'take' 'industry' 'fund' 'need' 'allow' 'sector' 'think' 'next'
 'get' 'firm' 'well' 'place' 'process' 'great' 'student' 'give' 'come'
 'experience' 'plan' 'provide' 'lead' 'real' 'program' 'support' 'global'
 'employ' 'find' 'client' 'turn' 'change' 'found' 'know' 'offer' 'raise'
 'datum' 'opportunity' 'much' 'big' 'brand' 'day' 'online' 'venture' 'set'
 'deliver' 'many' 'thing' 'co_founder' 'end']"
14,"['say' 'cancer' 'researcher' 'patient' 'use' 'protein' 'stomach_cancer'
 'early_detection' 'blood_t' 'marker' 'lead' 'clinical_trial' 'include'
 'level' 'invasive' 'detect' 'common' 'blood' 'simple' 'identify'
 'australian' 'research' 'second' 'fourth' 'cause' 'death' 'concentration'
 'cost' 'change' 'year' 'soon' 'reduce' 'partner' 'high' 'produce'
 'credit' 'conduct' 'seek' 'run' 'together' 'team' 'need' 'stage'
 'control' 'difference' 'investigate' 'healthy' 'survival' 'biomarker'
 'commercial' 'sensitivity' 'gastric_cancer' 'selectivity' 'endoscopy'
 'stomach' 'jordanna_schriever' 'new' 'discriminate' 'individually' 'away'
 'collaboration' 'large' 'generally' 'director' 'superior' 'clinical'
 'advanced' 'outcome' 'sample' 'non' 'low' 'fund' 'study' 'early_stage'
 'make' 'show' 'part' 'find' 'issue' 'also' 'happen' 'system' 'reporter'
 'people' 'ready' 'huge' 'later' 'little' 'current' 'education' 'discover'
 'investigation' 'project' 'south' 'program' 'rate' 'wide' 'screening'
 'usually' 'scale']"
15,"['buy' 'acquire' 'price_undisclose' 'buying' 'stake' 'year' 'base' 'feed'
 'tariff' 'transaction' 'owner' 'include' 'export' 'undisclosed' 'list'
 'wine' 'majority' 'also' 'large' 'buyout' 'sell' 'fair' 'back'
 'private_equity' 'bid' 'agribusiness' 'fee' 'partner' 'group' 'uranium'
 'school' 'kilowatt' 'origin' 'ahren' 'price_undisclosed' 'takeover'
 'state' 'park' 'electric' 'consolidation' 'oil' 'mori' 'sealink' 'deal'
 'dynamic' 'allegro' 'march' 'seafood' 'draper' 'ahead' 'disagree'
 'credit_union' 'overall' 'other' 'pitch' 'decide' 'merge' 'pay'
 'representative' 'issue' 'federal_government' 'new' 'age' 'control'
 'forward' 'offset' 'presentation' 'dairy' 'masonic' 'fish' 'bdt' 'escosa'
 'kw' 'completion' 'hostile' 'levy' 'solar' 'runner' 'small' 'sedan'
 'woman' 'generate' 'supply' 'cheaply' 'alarm' 'southern' 'price' 'bode'
 'premium' 'worth' 'share' 'cut' 'good' 'announce' 'brock'
 'preliminary_final' 'winner' 'exciting' 'poll' 'mindset']"
16,"['system' 'southstart_conference' 'asbestos' 'solution' 'accounting'
 'market' 'funding' 'product' 'frontier_microscopy' 'cloud' 'business'
 'also' 'say' 'entrepreneur' 'pitching_competition' 'support' 'secure'
 'talk' 'seller' 'invoice' 'web' 'online' 'residence' 'pitch' 'buy'
 'global' 'developer' 'analysis' 'asbestos_air_monitore' 'industry'
 'greenhouse' 'bluethumb' 'develop' 'engineer' 'cloud_base' 'conference'
 'partner' 'upload' 'bet' 'australian' 'high' 'base' 'potential'
 'robotic_microscopy' 'finalist' 'network' 'software' 'sport' 'art'
 'co_founder' 'competition' 'problem' 'progress' 'seawater' 'solar'
 'betswap' 'configure' 'brother' 'founding_partner' 'solve' 'value'
 'start' 'university' 'year' 'avenue' 'enable' 'anticipate' 'real'
 'langer' 'recently' 'ready' 'logistic' 'first' 'rare' 'enthusiast'
 'powered' 'event' 'director' 'frontier' 'local' 'backing' 'spot'
 'sustainable' 'test' 'propose' 'accurate' 'monitor' 'win' 'week' 'exist'
 'initially' 'bid' 'top' 'maker' 'investor' 'improve' 'early' 'present'
 'expert' 'co']"
17,"['gp' 'trial' 'adaptable' 'practitioner' 'diamond' 'clinic' 'rough'
 'clinical_trial' 'conduct' 'clinical' 'appointment' 'start_up'
 'chief_executive' 'phase' 'innoventures' 'operationalise' 'anantula'
 'joint_venture' 'subsidiary' 'pharma' 'underway' 'innoventure' 'inv'
 'drug' 'rapid' 'merge' 'transform' 'profit_organisation' 'parent'
 'setting' 'fund' 'profit' 'hospital' 'consolidate' 'partner' 'base' 'say'
 'expertise' 'return' 'standard' 'investment' 'make' 'raise' 'join'
 'design' 'appoint' 'quickly' 'year' 'market' 'group' 'support' 'owner'
 'look' 'test' 'already' 'business' 'give' 'recently' 'company' 'health'
 'work' 'include' 'go' 'first' 'get' 'time' 'offer' 'traditionally'
 'space' 'want' 'new' 'home' 'program' 'also' 'see' 'industry' 'plan'
 'major' 'australian' 'find' 'next' 'day' 'develop' 'come' 'take'
 'strategy' 'need' 'innovation' 'start' 'service' 'lead' 'product'
 'technology' 'buy' 'much' 'help' 'team' 'really' 'allow' 'good']"
18,"['school' 'student' 'design' 'print' 'learn' 'printer' 'week' 'software'
 'designer' 'showcase' 'printing' 'new' 'makers_empire' 'technology'
 'show' 'sport' 'include' 'model' 'teacher' 'skill' 'child' 'sculpture'
 'local' 'australian' 'next' 'fashion' 'announcement' 'great' 'new_york'
 'use' 'competition' 'sell' 'educate' 'delegate' 'year' 'label' 'program'
 'event' 'design_thinke' 'stall' 'mr_soong' 'tag' 'introduce' 'say'
 'create' 'annual' 'engage' 'feature' 'mundulla_primary' 'start'
 'collection' 'even' 'state' 'engineer' 'anz_innovyz' 'part' 'day'
 'company' 'brand' 'wide' 'sand' 'creative' 'custom' 'ahead' 'well'
 'enjoy' 'way' 'world' 'owner' 'development' 'hour' 'star' 'overseas'
 'performance' 'develop' 'manufacture' 'using_makers_empire' 'grant'
 'display' 'primary' 'headquarter' 'brainstorm' 'stop' 'principal'
 'product' 'support' 'business' 'target' 'base' 'classroom' 'present'
 'critical' 'town' 'receive' 'solution' 'read' 'padthaway' 'involve'
 'prototype' 'come']"
19,"['say' 'go' 'business' 'need' 'company' 'take' 'time' 'thing' 'become'
 'start' 'scale' 'city' 'get' 'workplace' 'change' 'great' 'growth'
 'people' 'big' 'make' 'year' 'risk' 'internet' 'back' 'product' 'even'
 'look' 'cost' 'decision' 'actually' 'think' 'really' 'example' 'large'
 'spend' 'network' 'base' 'global' 'come' 'happen' 'idea' 'well' 'number'
 'employee' 'former' 'executive' 'want' 'develop' 'lot' 'board' 'win'
 'many' 'player' 'low' 'next' 'increase' 'culture' 'job' 'know' 'shift'
 'create' 'market' 'government' 'stuff' 'potential' 'opportunity' 'size'
 'right' 'nearly' 'head' 'potentially' 'australian' 'hand' 'level' 'give'
 'see' 'technology' 'similar' 'decide' 'deputy' 'payment' 'sector'
 'couple' 'day' 'reach' 'way' 'clear' 'good' 'literally' 'work' 'house'
 'past' 'investor' 'meeting' 'try' 'brisbane' 'ingredient' 'stay' 'hard'
 'tram']"
20,"['say' 'fund' 'careapp' 'subscriber' 'app' 'family' 'year' 'new' 'company'
 'advertiser' 'state_government' 'funding' 'isolation' 'local' 'connect'
 'include' 'growth' 'operator' 'venture_capital_fund' 'manager' 'blue_sky'
 'covid' 'manage' 'appoint' 'free' 'commence' 'aged_care' 'agreement'
 'base' 'keep' 'care' 'government' 'high' 'investment' 'tip' 'access'
 'opportunity' 'follow' 'social_distance' 'compelling' 'chat' 'place'
 'innovation' 'reach' 'confirm' 'market' 'share' 'month' 'south' 'private'
 'allow' 'secure' 'service' 'offer' 'venture_capital' 'first' 'staff'
 'video' 'penetration' 'exponential' 'yesterday' 'develop' 'event'
 'account' 'reveal' 'stage' 'tell' 'late' 'boss' 'term' 'post' 'brisbane'
 'support' 'select' 'frontrunner' 'help' 'parent' 'invest' 'later'
 'facility' 'inform' 'run' 'expand' 'additional' 'remain' 'early_stage'
 'make' 'aged_care_facilitie' 'comprise' 'last' 'time' 'also' 'visit'
 'hope' 'team' 'deliver' 'enable' 'monitor' 'find' 'tender']"
21,"['drone' 'technology' 'ms_stead' 'develop' 'say' 'use' 'alien' 'process'
 'also' 'allscript' 'applicant' 'panel' 'year' 'list' 'vehicle'
 'recommendation' 'distort' 'application' 'kickstart' 'voltage'
 'management' 'allow' 'security' 'polymer' 'tender' 'team' 'last' 'group'
 'defence' 'infra' 'troop' 'colour' 'employment' 'advertiser' 'health'
 'ability' 'hospital' 'advise' 'trial' 'change' 'review' 'healthcare'
 'control' 'camouflage' 'ied' 'threat' 'kg' 'short' 'large' 'purchase'
 'new' 'combat' 'counter' 'red' 'environment' 'facility' 'take'
 'successful' 'conduct' 'extend' 'company' 'adaptive' 'cause' 'invisible'
 'protect' 'flexible' 'human' 'previous' 'mount' 'professor' 'cell'
 'aerial' 'fund' 'co' 'role' 'soldier' 'force' 'distance' 'part' 'venture'
 'expect' 'knowing' 'appoint' 'warfare' 'land' 'fee' 'australian'
 'operational' 'apply' 'department' 'turn' 'example' 'ongoing' 'file'
 'make' 'interstate' 'affect' 'lightweight' 'stalk' 'retain']"
22,"['club' 'cricket' 'match' 'year' 'day' 'team' 'play' 'second' 'say'
 'yesterday' 'old' 'crow' 'fall' 'get' 'significant' 'look' 'white' 'know'
 'run' 'game' 'think' 'athletic' 'tourist' 'asian' 'football' 'batsman'
 'work' 'score' 'ball' 'woolmer' 'offer' 'performance' 'start' 'wicket'
 'lot' 'milestone' 'new' 'number' 'parliamentary' 'weekend' 'injury' 'red'
 'come' 'inning' 'influence' 'car_cell' 'unpredictable' 'stone' 'falcon'
 'diamond' 'player' 'feel' 'order' 'collection' 'interest_rate' 'approach'
 'serge' 'facility' 'over' 'renowne' 'minervini' 'loxton_gift'
 'commission' 'excuse' 'surprise' 'pro' 'take' 'hard' 'stock' 'cup'
 'grade' 'put' 'bowl' 'time' 'coach' 'next' 'supporter' 'little' 'mean'
 'scorer' 'reserve_bank' 'thin' 'concerned' 'rba' 'final' 'afternoon'
 'innings' 'phase' 'worry' 'host' 'skill' 'even' 'howard' 'orthodox'
 'moderate' 'polar' 'good' 'size' 'sun' 'finish']"
23,"['governor' 'centre' 'service' 'trial' 'patron' 'technology' 'host'
 'mobility' 'australian' 'resident' 'program' 'morning' 'government' 'say'
 'evening' 'tour' 'provide' 'afternoon' 'industry' 'layer' 'later'
 'student' 'group' 'receive' 'yesterday' 'meet' 'afterwards' 'excellency'
 'autonomous' 'gather' 'attend' 'northern_advanced_manufacturing'
 'present' 'car' 'satellite' 'improve' 'part' 'military_personnel'
 'mrs_scarce' 'award' 'honourable' 'old' 'sense' 'fold' 'life' 'embrace'
 'global' 'governor_addresse' 'launch' 'pod' 'oval' 'reception' 'guest'
 'participate' 'golden_grove_art' 'use' 'driverless' 'lonely' 'look' 'new'
 'make' 'live' 'annual' 'also' 'member' 'way' 'community' 'help' 'show'
 'company' 'operate' 'demand' 'finalist' 'clinical' 'village' 'always'
 'quality' 'elliot_gardens' 'autonomous_vehicle' 'perfect' 'citizen'
 'year' 'range' 'include' 'expect' 'director' 'people' 'research' 'herald'
 'meeting' 'lifestyle' 'interaction' 'anz' 'preside' 'delivery'
 'opportunity' 'initially' 'accompany' 'buccaneer' 'follow']"
24,"['say' 'follow' 'fall' 'loan' 'house' 'estimate' 'hr' 'judge' 'good'
 'last' 'grow' 'state' 'panel' 'build' 'building' 'pitch' 'club' 'funding'
 'winner' 'field' 'shopping_centre' 'approve' 'campaign' 'well' 'start'
 'fund' 'give' 'year' 'final' 'firm' 'source' 'organiser' 'sale' 'new'
 'australian' 'fintech' 'specialist' 'include' 'challenge' 'report'
 'social_media_user' 'month' 'excite' 'decline' 'service' 'inflation'
 'open' 'decision' 'make' 'finalist' 'council' 'accord' 'work' 'datum'
 'spot' 'electorate' 'dry' 'census' 'boost' 'profession' 'go'
 'capital_raise' 'assemble' 'territory' 'part' 'specialised' 'picture'
 'community' 'also' 'councillor' 'upgrade' 'contribute' 'shortage' 'team'
 'chance' 'triple' 'share' 'shipbuilding' 'locally' 'test' 'federal'
 'per_cent' 'jay_weatherill' 'grant' 'development' 'company' 'agnostic'
 'andre_eikmeier' 'number' 'wine' 'owe' 'high_profile' 'anchor'
 'discussion' 'product' 'design' 'apply' 'credit' 'sport' 'clause']"
25,"['say' 'get' 'go' 'play' 'come' 'teamgage' 'thing' 'hard' 'storm' 'good'
 'first' 'want' 'big' 'work' 'run' 'back' 'new' 'see' 'year' 'feel' 'take'
 'make' 'game' 'try' 'think' 'opportunity' 'day' 'help' 'time' 'keep'
 'know' 'point' 'give' 'really' 'look' 'way' 'part' 'lot' 'put' 'chance'
 'footy' 'well' 'people' 'tiger' 'next' 'wall' 'player' 'much' 'mentor'
 'score' 'last' 'able' 'treatment' 'png' 'start' 'pretty' 'fast' 'fan'
 'together' 'term' 'minute' 'learn' 'team' 'young' 'place' 'four_finger'
 'nrl' 'motivate' 'local' 'leave' 'hunter' 'home' 'live' 'talent' 'recall'
 'full' 'position' 'real' 'reason' 'drug' 'car' 'kind' 'regular' 'ce_jim'
 'use' 'brother' 'round' 'natural' 'always' 'step' 'important' 'bad'
 'night' 'friend' 'show' 'advice' 'football' 'train' 'effect' 'urge']"
26,"['result' 'analyst' 'oz_mineral' 'year' 'management' 'newspaper'
 'really_intereste' 'buyer' 'horse' 'full' 'diploma' 'half' 'birthday'
 'practical' 'lunch' 'business' 'centre' 'say' 'course' 'rooftop' 'field'
 'first' 'dentistry' 'devote' 'reject' 'trading' 'industry' 'training'
 'recommend' 'korean' 'theoretical' 'equine' 'perfect' 'encompass'
 'definitely' 'knowledge' 'choice' 'science' 'spokesman' 'bramble'
 'spotless' 'medium' 'learn' 'school' 'guideline' 'tour' 'graduate'
 'racetrack' 'day' 'group' 'monthly' 'regional_development' 'stud'
 'circulation' 'get' 'key' 'wise' 'stable' 'visit' 'nutrition' 'echo'
 'association' 'promotion' 'weather_station' 'victorian' 'job'
 'collective' 'celebrate' 'shine' 'young' 'work' 'benefit' 'shop' 'lead'
 'advanced_manufacture' 'lot' 'promise' 'people' 'equip' 'survey'
 'payment' 'range' 'regional' 'find' 'meeting' 'other' 'sky' 'middle'
 'entertainment' 'today' 'open' 'international' 'also' 'education' 'event'
 'update' 'primary' 'estate' 'yet' 'shareholder']"
27,"['audience' 'winery' 'dance' 'regional' 'world' 'live' 'studio' 'time'
 'performance' 'page' 'art' 'north' 'digital' 'technology' 'display'
 'cellar_door' 'tasting' 'visitor' 'connect' 'create' 'say' 'upbeat'
 'apply' 'international' 'present' 'cultural' 'witness' 'website'
 'connection' 'ad' 'artwork' 'view' 'city' 'capable' 'director' 'grant'
 'moment' 'together' 'torren' 'incredibly' 'work' 'national' 'round'
 'huge' 'accolade' 'late' 'inspire' 'capture' 'science' 'become'
 'supportive' 'keyword' 'feel' 'vine' 'support' 'hub' 'presentation'
 'emerge' 'glass' 'search' 'country' 'instantly' 'film' 'partner'
 'friendly' 'wait' 'intersection' 'promise' 'thrive' 'refer'
 'organisation' 'future' 'phase' 'northeast' 'music' 'community' 'click'
 'tasty' 'right' 'statutory' 'move' 'catchy' 'stereotype' 'see'
 'distributor' 'st_century' 'end' 'dbg_technologie' 'exposure' 'bench'
 'allow' 'seemingly' 'sector' 'space' 'seat' 'radio' 'really' 'impossible'
 'elephant' 'video']"
28,"['ninth' 'pitching' 'senator' 'squeak' 'prove' 'glenelg_tiger' 'say'
 'veteran' 'year' 'home' 'first' 'beat' 'garden' 'run' 'space' 'last' 'go'
 'work' 'help' 'game' 'win' 'outstanding' 'new' 'match' 'get' 'result'
 'dominate' 'also' 'good' 'adelaide' 'australian' 'unearthly_delight'
 'industry' 'people' 'business' 'northern_district' 'strong' 'play'
 'single' 'take' 'point' 'day' 'big' 'season' 'see' 'come' 'full'
 'sturt_saint' 'satellite' 'week' 'become' 'think' 'player'
 'golden_grove_central_district' 'theatre' 'port' 'round' 'make' 'start'
 'hub' 'walk' 'lot' 'international' 'lead' 'well' 'great' 'time' 'centre'
 'show' 'performance' 'place' 'group' 'team' 'east_torren' 'foundation'
 'city' 'today' 'future' 'need' 'design' 'give' 'project' 'include' 'know'
 'back' 'look' 'opportunity' 'old' 'man' 'right' 'technology' 'wine'
 'event' 'west_torren' 'system' 'art' 'comedy' 'club' 'final' 'car']"
29,"['tier' 'timber' 'sink' 'basetec_service' 'forestry' 'roadmap' 'energy'
 'tour' 'company' 'take' 'pitch' 'blueprint' 'transition' 'considerable'
 'cease' 'host' 'explorer' 'improve_productivity' 'fibre' 'yesterday'
 'venture' 'part' 'medical' 'capitalise' 'state' 'need' 'blow'
 'manufacture' 'piece' 'rack' 'work' 'describe' 'charger' 'industry'
 'drive' 'join' 'oil' 'introduce' 'idea' 'similar' 'signostic' 'player'
 'petroleum' 'medical_device' 'downstream' 'unconventional_ga' 'dust'
 'cellulose' 'skille' 'publication' 'consensus' 'tical' 'photonic'
 'competition' 'joint' 'institute' 'comprehensive' 'ffa' 'sense' 'gather'
 'also' 'lead' 'manage' 'feel' 'exhibition' 'pink' 'ribbon' 'wanderer'
 'judge' 'next' 'sensor' 'blue_lake' 'last' 'week' 'boot' 'south' 'speak'
 'large' 'trend' 'total' 'pile' 'sport' 'come' 'palace' 'ensure' 'bid'
 'entrepreneur' 'athlete' 'minute' 'product' 'stellar' 'individual'
 'annual' 'feedback' 'quick' 'respiratory' 'european' 'maternity'
 'visitor' 'bedside']"
30,"['say' 'year' 'per_cent' 'time' 'get' 'make' 'work' 'high' 'pay' 'go'
 'government' 'need' 'spend' 'come' 'business' 'report' 'much' 'people'
 'take' 'room' 'well' 'point' 'income' 'mean' 'long' 'good' 'leave'
 'number' 'look' 'money' 'head' 'earn' 'home' 'member' 'put' 'buy' 'want'
 'see' 'price' 'australian' 'back' 'drive' 'job' 'cost' 'tell' 'deal'
 'benefit' 'right' 'tax' 'cut' 'new' 'also' 'choice' 'day' 'way' 'last'
 'seem' 'even' 'many' 'case' 'give' 'less' 'call' 'force' 'find' 'still'
 'average' 'likely' 'rate' 'full' 'city' 'low' 'end' 'believe' 'return'
 'know' 'thing' 'think' 'area' 'claim' 'policy' 'turn' 'lot' 'scheme'
 'never' 'word' 'keep' 'stop' 'sell' 'saving' 'employer' 'service'
 'different' 'state' 'labor' 'hour' 'economic' 'floor' 'superannuation'
 'however']"
31,"['say' 'go' 'time' 'year' 'get' 'take' 'first' 'day' 'apple' 'think'
 'hour' 'call' 'much' 'month' 'work' 'make' 'fit' 'way' 'thing' 'create'
 'find' 'include' 'sport' 'group' 'put' 'stead' 'next' 'launch' 'school'
 'people' 'design' 'week' 'lot' 'company' 'bit' 'probably' 'university'
 'question' 'help' 'software' 'fitness' 'education' 'come' 'found' 'base'
 'download' 'set' 'system' 'pay' 'plan' 'research' 'keep' 'high'
 'difference' 'program' 'flinder' 'really' 'report' 'walk' 'positive'
 'new' 'second' 'good' 'hardware' 'email' 'third' 'order' 'experience'
 'back' 'ask' 'also' 'do' 'hydration' 'project' 'fast' 'last' 'hand'
 'level' 'tier' 'exercise' 'brisbane' 'want' 'institution' 'end' 'various'
 'performance' 'course' 'instant' 'ready' 'focus' 'guess' 'give' 'drink'
 'require' 'team' 'prove' 'result' 'student' 'see' 'standard']"
32,"['say' 'technology' 'new' 'people' 'company' 'product' 'support' 'tree'
 'service' 'work' 'see' 'well' 'energy' 'design' 'system' 'help' 'old'
 'year' 'base' 'global' 'home' 'facility' 'co' 'need' 'innovation'
 'solution' 'research' 'time' 'local' 'power' 'organisation' 'provide'
 'future' 'want' 'give' 'area' 'adelaide' 'development' 'create' 'council'
 'centre' 'project' 'government' 'lead' 'benefit' 'developer' 'business'
 'enable' 'real' 'come' 'include' 'build' 'use' 'far' 'potential' 'adapt'
 'client' 'market' 'high' 'opportunity' 'device' 'visit' 'live'
 'battery_storage' 'world' 'display' 'group' 'globally' 'program'
 'software' 'disruption' 'senior' 'age' 'bio' 'testing' 'integrate'
 'website' 'call' 'investment' 'green' 'really' 'volume' 'implement'
 'street' 'next' 'simplify' 'also' 'residential' 'engage' 'range' 'urban'
 'part' 'dollar' 'good' 'defence' 'influencer' 'develop' 'initiative'
 'space' 'together']"
33,"['student' 'school' 'program' 'say' 'year' 'project' 'industry' 'develop'
 'skill' 'learn' 'technology' 'help' 'challenge' 'education' 'work'
 'design' 'business' 'course' 'create' 'company' 'new' 'teacher' 'child'
 'part' 'high' 'makers_empire' 'training' 'bushfire' 'future' 'include'
 'sector' 'also' 'base' 'product' 'aim' 'highlight' 'worker' 'job'
 'provide' 'select' 'local' 'code' 'commercial' 'take' 'software'
 'complete' 'group' 'system' 'involve' 'exist' 'lead' 'property'
 'application' 'participate' 'opportunity' 'nationally' 'science'
 'partnership' 'build' 'phase' 'first' 'pilot' 'advanced_manufacture'
 'community' 'vehicle' 'make' 'test' 'support' 'use' 'building' 'problem'
 'economy' 'device' 'month' 'workforce' 'interest' 'teach' 'staff' 'young'
 'give' 'encourage' 'federal_government' 'add' 'experience' 'australian'
 'open' 'sustainable' 'campus' 'run' 'compete' 'operate' 'print'
 'equipment' 'activity' 'educational' 'engineering' 'resource' 'career'
 'exhibition' 'choose']"
34,"['satellite' 'inovor_technologie' 'space' 'also' 'brightest_mind' 'well'
 'business' 'year' 'elevate' 'compensate' 'earth' 'australian' 'month'
 'rowland' 'company' 'good' 'graduate' 'next' 'engineering' 'inovor'
 'early' 'franchise' 'engineer' 'position' 'robot' 'precinct' 'say'
 'bracket' 'mission' 'open' 'aerospace_engineere' 'design' 'mechanical'
 'ever' 'apply' 'workload' 'base' 'job' 'fabrication' 'quit' 'steel'
 'internship' 'name' 'orbit' 'even' 'take' 'manufacture' 'focus' 'catch'
 'detect' 'opportunity' 'add' 'foster' 'contract' 'start' 'capability'
 'crop' 'evolve' 'new' 'really' 'pool' 'full' 'international' 'ecosystem'
 'fantastic' 'group' 'see' 'weld' 'arcemy' 'console' 'metalwork' 'test'
 'talent' 'multi_sport' 'globe' 'program' 'manage' 'find' 'specialise'
 'training' 'ramp' 'director' 'time' 'light' 'soon' 'run' 'reveal'
 'rediscover' 'educate' 'operate' 'dr_tetlow' 'school' 'owner' 'lack'
 'look' 'supply_chain' 'locally' 'join' 'believe' 'image']"
35,"['company' 'say' 'signostic' 'product' 'market' 'investment' 'base' 'year'
 'australian' 'medical_device' 'ultrasound' 'investor' 'grant' 'include'
 'device' 'capital' 'medical' 'move' 'help' 'development' 'business'
 'care' 'new' 'last' 'global' 'fund' 'invest' 'government' 'raise'
 'receive' 'former' 'provide' 'job' 'opportunity' 'support' 'sale'
 'potential' 'early_stage' 'leader' 'industry' 'also' 'technology' 'signo'
 'ultrasound_device' 'financial' 'state' 'application' 'south' 'firm'
 'make' 'private' 'build' 'launch' 'per_cent' 'manager' 'small' 'economic'
 'contract' 'develop' 'playford' 'look' 'regulatory' 'key'
 'voxon_photonic' 'affordable' 'growth' 'join' 'manufacturing' 'general'
 'expect' 'strong' 'create' 'large' 'service' 'capital_raise' 'deal'
 'site' 'overseas' 'construction' 'employ' 'part' 'number' 'grow'
 'international' 'target' 'mineral' 'portable' 'playford_capital'
 'marketing' 'close' 'economy' 'work' 'patient' 'venture_capital'
 'professional' 'giant' 'hospital' 'use' 'achieve' 'retail']"
36,"['former' 'make' 'debut' 'player' 'club' 'well' 'port' 'good' 'possession'
 'afl' 'crow' 'goal' 'start' 'show' 'extraordinary' 'brisbane' 'role'
 'defence' 'gamer' 'midfield' 'enough' 'pick' 'pyke' 'youngster' 'much'
 'first' 'league' 'day' 'new' 'adelaide' 'football' 'handy' 'style'
 'ruckman' 'south' 'size' 'touch' 'second' 'fellow' 'display' 'warm' 'key'
 'immediate' 'roo' 'week' 'draft' 'ruck' 'rookie' 'member' 'hawk'
 'phenomenal' 'gather' 'tall' 'bomber' 'boot' 'docker' 'nomination'
 'doubt' 'many' 'little' 'still' 'unsure' 'medium' 'grant' 'positive'
 'teen' 'complement' 'fade' 'put' 'add' 'remain' 'season' 'migrant'
 'football_club' 'deliver' 'impact' 'bring' 'night' 'quote' 'couple'
 'time' 'fail' 'com_aucredit' 'coaching' 'one' 'appear' 'pleasing'
 'umpire' 'corporate' 'develop' 'coach' 'contact' 'kangaroo' 'also'
 'require' 'else' 'belated' 'bulldogswith' 'serviceable' 'torney']"
37,"['pm' 'free' 'today' 'cuisine' 'tomorrow' 'market' 'art' 'sun' 'gallery'
 'festival' 'fresh' 'show' 'architect' 'rage' 'exhibition' 'beach'
 'artist' 'fun' 'daily' 'tonight' 'style' 'surfers_paradise' 'plant'
 'pavilion' 'open' 'entertainment' 'family' 'opera' 'queen' 'event' 'park'
 'make' 'noon' 'gold_coast' 'mic' 'finalist' 'craft' 'original' 'designer'
 'film' 'activity' 'cultural' 'jazz' 'palace' 'music' 'parade' 'organic'
 'local' 'include' 'mirage' 'shark' 'play' 'cloud_base' 'runway'
 'underwear' 'helm' 'fruit' 'link' 'kid' 'farmer' 'co' 'museum' 'symphony'
 'set' 'workshop' 'cooking' 'design' 'live' 'illusion' 'surfer' 'teen'
 'talent' 'animal' 'oil' 'southport' 'star' 'water' 'close' 'competition'
 'holiday' 'big' 'medicinal' 'showground' 'masterchef' 'piece' 'next'
 'rug' 'veneer' 'funk' 'learn' 'board' 'label' 'tamborine' 'veg'
 'irrigation' 'atmosphere' 'time' 'sand' 'low' 'resort']"
38,"['develop' 'company' 'award' 'receive' 'also' 'commercial' 'device'
 'system' 'test' 'technology' 'health' 'gene' 'science' 'adelaide' 'grant'
 'funding' 'digital' 'online' 'signostic' 'venture' 'analysis'
 'diagnostic' 'commercialise' 'doctor' 'mining' 'gain' 'reproductive'
 'readygrant' 'federal' 'adaptive' 'invention' 'touche' 'kojo'
 'instrument' 'signage' 'say' 'year' 'get' 'make' 'go' 'energy' 'business'
 'warrior' 'take' 'see' 'office' 'program' 'work' 'star' 'new' 'first'
 'save' 'player' 'environment' 'start' 'lead' 'game' 'cancer' 'city' 'man'
 'help' 'australian' 'play' 'research' 'change' 'deliver' 'good' 'look'
 'build' 'project' 'need' 'big' 'way' 'want' 'state' 'join' 'think' 'come'
 'rating' 'run' 'commit' 'group' 'last' 'property' 'allow' 'people'
 'small' 'co' 'much' 'problem' 'improve' 'really' 'reduce' 'become'
 'tenant' 'environmental' 'per_cent' 'emission' 'old' 'car']"
39,"['say' 'business' 'technology' 'radar' 'system' 'insurance' 'defence'
 'clock' 'average' 'per_cent' 'precise' 'ultra' 'turnover_growth' 'time'
 'high' 'accuracy' 'turnover' 'provide' 'electrical' 'many' 'contract'
 'service' 'local' 'year' 'employee' 'production' 'policy' 'cover'
 'fast_mover' 'glimpse' 'weak' 'develop' 'save' 'use' 'commercial'
 'frequency' 'today' 'yate' 'aquarium' 'covid' 'travel' 'agm' 'oil' 'part'
 'grow' 'noise' 'military' 'saving' 'destination' 'spending' 'size'
 'small' 'make' 'sapphire' 'currency' 'improve' 'online' 'budget'
 'seed_terminator' 'company' 'design' 'key' 'investment' 'supplier'
 'profitability' 'signal' 'extreme' 'jorn' 'possible' 'extremely'
 'rapid_growth' 'honeymoon' 'money' 'forget' 'detect' 'buffer'
 'artificially' 'range' 'development' 'capability' 'network' 'agility'
 'construction' 'motorcycle' 'graphic' 'manage' 'hotel' 'project' 'low'
 'northern' 'month' 'voltage' 'firetail' 'rate' 'spare' 'work' 'flight'
 'coincide' 'annual' 'data_analytic']"
40,"['cancer' 'say' 'cell' 'research' 'new' 'treatment' 'develop' 'disease'
 'protein' 'gene' 'patient' 'lead' 'scientist' 'find' 'allow' 'process'
 'target' 'tumour' 'drug' 'australian' 'make' 'time' 'system' 'therapy'
 'progress' 'identify' 'defence' 'medical' 'grant' 'also' 'genetic'
 'cause' 'researcher' 'result' 'world' 'year' 'call' 'satellite'
 'proteomic' 'early_stage' 'involve' 'professor' 'last' 'treat' 'come'
 'vaccine' 'well' 'pacer' 'advance' 'think' 'way' 'important' 'funding'
 'look' 'accelerate' 'technology' 'field' 'microrna' 'human' 'breast'
 'young' 'blood' 'test' 'woman' 'potential' 'take' 'level' 'per_cent'
 'type' 'early' 'science' 'part' 'base' 'first' 'growth' 'death' 'form'
 'cure' 'thank' 'rise' 'change' 'occur' 'body' 'work' 'molecular'
 'available' 'promise' 'know' 'facility' 'solid' 'grow' 'highly' 'machine'
 'play' 'people' 'sample' 'active' 'rapidly' 'switch' 'therefore']"
41,"['care' 'careapp' 'family' 'aged_care' 'member' 'home' 'say' 'carer'
 'update' 'investment' 'known' 'help' 'provider' 'allow' 'app' 'invest'
 'keep' 'company' 'receive' 'information' 'visit' 'monitor' 'biotech'
 'relative' 'inject' 'window' 'view' 'people' 'record' 'australian'
 'regularly' 'southern_angel' 'ms_nikula' 'country' 'medication' 'note'
 'investor' 'expertise' 'group' 'sector' 'support' 'team' 'photograph'
 'change' 'royal_commission' 'progress' 'make' 'physical' 'start_up'
 'service_provider' 'smartphone_app' 'eye' 'sign' 'market' 'month'
 'recent' 'adelaide' 'last' 'licence' 'next' 'aged_care_provider' 'time'
 'young' 'part' 'provide' 'local' 'scheme' 'permission' 'mood' 'customer'
 'smartphone' 'net_worth_individual' 'include' 'welfare' 'front' 'profit'
 'pitch' 'creator' 'even' 'early_stage' 'take' 'entrepreneur'
 'founder_allison_nikula' 'wash' 'tech' 'use' 'late' 'review' 'restore'
 'expand' 'high' 'money' 'challenger' 'angel' 'fund' 'roll' 'direct'
 'rare' 'design' 'accurately']"
42,"['geek' 'combination' 'secret_service' 'mr_trump' 'pitching' 'weapon'
 'new' 'unknown' 'expectation' 'hitter' 'extra' 'thank' 'riot' 'massive'
 'wave' 'bite' 'angel' 'show' 'photo' 'male' 'pm' 'blunder' 'homer'
 'defensive' 'white_house' 'glenelg' 'race' 'nail' 'darren_white' 'minute'
 'affair' 'recent' 'wait' 'mod' 'allow' 'entrepreneur' 'later' 'boast'
 'pitcher' 'root' 'bill' 'joke' 'define' 'heartache' 'day' 'group'
 'formidable' 'team' 'young' 'old' 'early' 'head' 'key' 'woman'
 'presentation' 'chance' 'rival' 'cap' 'necessary' 'offensive' 'finale'
 'territory' 'tight' 'designate' 'showdown' 'catcher' 'serie' 'firebrand'
 'dilute' 'coronaviru' 'abruptly' 'speak' 'mercy' 'local' 'outfit' 'event'
 'form' 'rule' 'premier' 'port' 'innovation' 'say' 'start_up' 'need'
 'third' 'playoff' 'title' 'year' 'seem' 'bar' 'adelaide' 'league' 'first'
 'minor' 'start' 'metre' 'pick' 'stage' 'beach' 'name']"
43,"['lettuce' 'chaff' 'grower' 'weed' 'fuel' 'achieve' 'consumption'
 'different' 'project' 'medic' 'setting' 'type' 'scenario' 'tare'
 'capacity' 'condition' 'harvester' 'field' 'wild' 'cost' 'test'
 'management' 'specie' 'well' 'crop' 'control' 'new' 'process' 'available'
 'rotation' 'method' 'capturing' 'legume' 'simulate' 'intact' 'validate'
 'oat' 'static' 'narrow' 'scale' 'hammermill' 'turnip' 'usage' 'brome'
 'efficacy' 'iwm' 'prickly' 'problematic' 'prominently' 'assess'
 'perspective' 'anecdotally' 'speed' 'approach' 'consult' 'flow'
 'encounter' 'balance' 'trade' 'assessment' 'integrate' 'expect' 'fund'
 'optimise' 'represent' 'wide_range' 'optimal' 'question' 'much' 'set'
 'term' 'give' 'strategy' 'vary' 'key' 'work' 'drive' 'radish' 'burn'
 'local' 'collect' 'hope' 'wheat' 'good' 'incorporate' 'power' 'many'
 'find' 'technology' 'measure' 'feature' 'machine' 'focus' 'lot' 'also'
 'component' 'say' 'big' 'aim' 'manage']"
44,"['soft' 'glass' 'road' 'car' 'option' 'pc' 'driver' 'australian' 'elder'
 'sit' 'new' 'restaurant' 'street' 'race' 'lane' 'drive' 'offer' 'rural'
 'motor' 'brake' 'engine' 'condition' 'sensor' 'view' 'place' 'studio'
 'fuel' 'spacecraft' 'grand' 'high' 'speed' 'team' 'course' 'crop'
 'participate' 'available' 'wheel' 'tree' 'service' 'seafood' 'safety'
 'branch' 'scenic' 'company' 'supply' 'wool' 'term' 'solid' 'gross'
 'price' 'market' 'product' 'automobile' 'crew' 'jack' 'light' 'select'
 'jump' 'radar' 'emergency' 'continue' 'flagship' 'hazard' 'north_terrace'
 'hone' 'mere' 'zip' 'location' 'prevent' 'kg' 'livestock' 'indicate'
 'control' 'list' 'circuit' 'tea' 'encompass' 'commercial' 'improved'
 'pit' 'trading' 'division' 'pace' 'camera' 'slow' 'km' 'planting' 'major'
 'combine' 'return' 'protection' 'vehicle' 'expect' 'wholesale' 'distance'
 'suit' 'formula' 'automatically' 'lofty' 'post']"
45,"['coincidentally' 'bid' 'readiness' 'interim' 'appointment' 'shelley'
 'assist' 'interest' 'head' 'unisa' 'delighted' 'expat' 'msc' 'trustee'
 'off' 'lodge' 'caretaker' 'submit' 'tick' 'meantime' 'alumnus'
 'separately' 'comply' 'found' 'strongly' 'longer_term' 'proviso' 'engage'
 'non' 'connection' 'former' 'son' 'compliance' 'manage' 'elaine_stead'
 'current' 'young' 'role' 'right' 'say' 'manager' 'new' 'cancer'
 'treatment' 'gene' 'fund' 'dark' 'lymphoma' 'assess' 'government' 'base'
 'cell' 'run' 'group' 'also' 'microrna' 'drug' 'therapy' 'exist' 'protein'
 'research' 'genetic' 'period' 'disease' 'per_cent' 'business' 'science'
 'cervical' 'advance' 'breast_cancer' 'inhibit' 'tumour' 'identify'
 'develop' 'target' 'case' 'process' 'well' 'patient' 'offer' 'biological'
 'breast' 'professor_graeme' 'come' 'cause' 'present' 'act' 'people'
 'personalise' 'space' 'diseased' 'team' 'seek' 'take' 'rise' 'leukemia'
 'change' 'facility' 'estimate' 'available']"
46,"['call' 'email' 'unit' 'planned' 'management' 'handmade' 'business'
 'event' 'nursing' 'bladder' 'tutorial' 'affordability' 'bladder_scanner'
 'group' 'keynote' 'home' 'system' 'care' 'signosrt' 'enterprise'
 'conference' 'visit' 'workshop' 'topic' 'infection' 'service'
 'ultrasound' 'boost' 'com' 'district' 'say' 'executive' 'project'
 'information' 'register' 'fit' 'new' 'akhtar' 'template' 'strategy'
 'product' 'aboriginal' 'grant' 'launch' 'world' 'orient' 'manufacture'
 'case' 'meal' 'easy' 'class' 'hospital' 'address' 'write' 'architecture'
 'public' 'engineering' 'chain' 'tough' 'software' 'talk' 'urinary'
 'catheter' 'bedside' 'rotation' 'tess' 'registration' 'server' 'cover'
 'info' 'automatically' 'use' 'certify' 'access' 'purchase' 'sky'
 'energy_storage' 'volume' 'quality' 'couple' 'hand' 'rydge' 'whatsoever'
 'scalability' 'area' 'present' 'derive' 'international' 'lead' 'likely'
 'org' 'interconnect' 'always' 'today' 'hotel' 'program' 'member' 'mobile'
 'calculate' 'technology']"
47,"['win' 'hill' 'fan' 'science' 'year' 'club' 'supporter' 'show' 'start'
 'say' 'great' 'season' 'post' 'player' 'horse' 'coach' 'lose' 'love'
 'australian' 'reinforce' 'group' 'game' 'adelaide' 'power' 'program'
 'team' 'southstart_accelerate' 'crow' 'back' 'child' 'demand' 'trick'
 'difference' 'gold' 'large' 'premiership' 'run' 'landlord' 'explosion'
 'native' 'photo' 'night' 'huge' 'shipping' 'try' 'attendance' 'do' 'bell'
 'popular' 'fitout' 'retail_fitout' 'review' 'slug' 'miss' 'effort' 'down'
 'port' 'hand' 'proud' 'robotic' 'way' 'pride' 'hard' 'visitor' 'follow'
 'already' 'event' 'history' 'frustration' 'week' 'rebuild' 'first' 'play'
 'today' 'acumen' 'duo' 'south' 'news' 'ordinate' 'spark' 'last' 'session'
 'comment' 'anger' 'well' 'showground' 'accept' 'interactive' 'round'
 'real' 'promote' 'environment' 'camera' 'away' 'flick' 'concession'
 'feed' 'fun' 'park' 'free']"
48,"['say' 'year' 'nbn' 'local' 'sex' 'ponte' 'yesterday' 'station' 'think'
 'news' 'tv' 'much' 'run' 'make' 'sure' 'talk' 'want' 'world' 'strong'
 'tremendous' 'go' 'black' 'personality' 'medium' 'artist' 'build' 'old'
 'game' 'factory' 'life' 'punter' 'day' 'less' 'total' 'week' 'time'
 'central' 'good' 'public_hospital' 'bit' 'way' 'graduation' 'blue_gum'
 'ms_danver' 'channel' 'first' 'fear' 'cap' 'woman' 'hunter' 'wilderness'
 'girl' 'team' 'anti' 'arm' 'nationwide' 'leave' 'special' 'regional'
 'back' 'chinese' 'policy' 'eventually' 'overnight' 'son' 'cosmetic'
 'continue' 'well' 'pbl' 'crave' 'blow' 'competition' 'share' 'trap'
 'production' 'type_diabete' 'kiwis' 'verbal' 'glenn_mcgrath' 'school'
 'cocktail' 'tour' 'last' 'thing' 'complete' 'hope' 'future' 'grasp'
 'mortal' 'add' 'new' 'put' 'let' 'bowl_quick' 'keep' 'page' 'spoil'
 'series' 'work' 'also']"
49,"['say' 'state' 'future' 'community' 'year' 'government' 'manufacture'
 'manufacturing' 'local' 'innovation' 'centre' 'see' 'industry' 'city'
 'tonsley' 'building' 'great' 'move' 'want' 'plan' 'process' 'opportunity'
 'bring' 'project' 'business' 'new' 'credit' 'hill' 'announce' 'site'
 'inaugural' 'open' 'build' 'development' 'facility' 'precinct' 'effort'
 'part' 'strength' 'progress' 'work' 'automotive' 'council' 'space'
 'national' 'close' 'early' 'technology' 'area' 'use' 'population'
 'international' 'lead' 'look' 'first' 'potential' 'design' 'purpose'
 'operation' 'idea' 'south' 'make' 'focus' 'achieve' 'innovative'
 'however' 'service' 'engineering' 'access' 'become' 'pretty' 'art'
 'recognise' 'begin' 'welcome' 'show' 'provide' 'resident' 'speed'
 'research' 'inspire' 'initiative' 'impact' 'target' 'think'
 'construction' 'exist' 'market' 'pod' 'carbon_neutral' 'modern' 'operate'
 'real' 'understand' 'even' 'last' 'strategic' 'value' 'organisation' 'do']"
50,"['say' 'technology' 'world' 'company' 'industry' 'wine' 'tech'
 'australian' 'partner' 'big' 'make' 'research' 'defence' 'program'
 'system' 'project' 'lead' 'people' 'show' 'well' 'help' 'work' 'first'
 'new' 'global' 'also' 'exciting' 'expensive' 'deliver' 'get' 'develop'
 'use' 'huge' 'create' 'come' 'hub' 'real' 'activity' 'job' 'state' 'time'
 'engineer' 'team' 'boulder' 'set' 'bring' 'fund' 'track' 'ability'
 'bright' 'film' 'aim' 'star' 'local' 'development' 'year' 'see'
 'satellite' 'opportunity' 'robotic' 'stream' 'radio' 'datum' 'complete'
 'good' 'leader' 'evolve' 'interview' 'part' 'hot' 'week' 'pull' 'digital'
 'co' 'presence' 'tv' 'line' 'love' 'base' 'provide' 'influencer'
 'expertise' 'lab' 'thing' 'often' 'vision' 'month'
 'southstart_conference' 'space' 'accord' 'move' 'adelaide'
 'international' 'ai' 'include' 'explore' 'public' 'product' 'group'
 'brand']"
51,"['coffee' 'course' 'road' 'port' 'head' 'anxiety' 'misconduct' 'license'
 'avenue' 'breaker' 'observation' 'fletcher' 'photo' 'foul' 'house' 'cat'
 'brent' 'use' 'staff' 'jim_whalley' 'key' 'resident' 'rejection'
 'notification' 'church' 'ray' 'video' 'grandparent' 'unharmed' 'kneee'
 'matchesround' 'damian' 'hird' 'quartet' 'grgic' 'disappoint' 'three'
 'bench' 'ironically' 'ease' 'communication' 'qualifying_final' 'channel'
 'news' 'colleague' 'table' 'chat' 'highlight' 'live' 'stress'
 'capital_raise' 'ping' 'message' 'pong' 'achievement' 'newsletter' 'lean'
 'expert' 'nationally' 'app' 'meanwhile' 'believe' 'form' 'easy'
 'expansion' 'direct' 'ongoing' 'help' 'family' 'spend' 'welfare' 'player'
 'residential' 'hub' 'become' 'strongly' 'time' 'careapp' 'get' 'say'
 'lot_fourteen' 'process' 'future' 'stone_chalk' 'well' 'attempt' 'member'
 'last' 'mentor' 'run' 'go' 'year' 'also' 'move' 'idea' 'event' 'first'
 'opportunity' 'ecosystem' 'point']"
52,"['season' 'player' 'get' 'coach' 'game' 'warrior' 'team' 'go' 'club' 'say'
 'make' 'play' 'year' 'good' 'last' 'return' 'need' 'win' 'ball' 'round'
 'point' 'well' 'guy' 'import' 'also' 'new' 'expect' 'league' 'try' 'open'
 'bite' 'come' 'look' 'side' 'big' 'week' 'change' 'tough' 'back' 'port'
 'old' 'hawk' 'tonight' 'tiger' 'kick' 'guard' 'former' 'bulldog' 'help'
 'in' 'see' 'illawarra' 'step' 'end' 'nbl' 'championship' 'lose' 'place'
 'final' 'debut' 'defend' 'junior' 'far' 'part' 'career' 'move' 'want'
 'really' 'start' 'line' 'injury' 'defensive' 'adelaide' 'ahead' 'key'
 'bring' 'watch' 'early' 'record' 'chance' 'title' 'time' 'still' 'saint'
 'challenge' 'favourite' 'loss' 'defence' 'sign' 'recruit' 'mistake'
 'champion' 'juggle' 'young' 'ability' 'little_bit' 'man' 'close' 'always'
 'develop']"
53,"['per_cent' 'say' 'business' 'energy' 'tenant' 'property' 'building'
 'office' 'commercial' 'city' 'save' 'year' 'build' 'program' 'work' 'co'
 'reduce' 'take' 'national' 'entity' 'large' 'deliver' 'star' 'state'
 'environment' 'centre' 'improve' 'today' 'lead' 'new' 'emission' 'join'
 'road' 'become' 'global' 'area' 'represent' 'change' 'action' 'rate'
 'contribution' 'commit' 'see' 'space' 'system' 'rating' 'cost'
 'australian' 'also' 'tenancy' 'tonne' 'total' 'increase' 'part'
 'greenhouse' 'hospital' 'carbon' 'equivalent' 'environmental' 'survey'
 'construction' 'efficiency' 'service' 'already' 'water' 'big' 'people'
 'department' 'make' 'aim' 'include' 'art' 'design' 'technology' 'switch'
 'move' 'initiative' 'interest' 'cultural' 'help' 'group' 'breakfast'
 'sustainability' 'consumption' 'encourage' 'climate_change' 'achieve'
 'cheek' 'green' 'international' 'estimate' 'car' 'serve' 'need'
 'lot_fourteen' 'private' 'way' 'fact' 'government' 'open']"
54,"['say' 'centre' 'resident' 'pod' 'regional' 'trial' 'village' 'future'
 'service' 'mobility' 'elliot_gardens' 'autonomous' 'technology' 'design'
 'provide' 'welcome' 'community' 'valuable' 'first' 'attend' 'hope'
 'contribute' 'global' 'manager' 'almost' 'experience' 'modern_agee'
 'development' 'project' 'innovative' 'participate' 'improve' 'meet'
 'officially' 'accept' 'app' 'able' 'encourage' 'function'
 'retirement_village' 'south' 'performance' 'co' 'director' 'enable'
 'address' 'input' 'session' 'connect' 'support' 'amazing' 'incredibly'
 'program' 'chance' 'network' 'government' 'enjoy' 'celebration'
 'opportunity' 'vision' 'deliver' 'life' 'part' 'share' 'real' 'user'
 'position' 'type' 'result' 'need' 'present' 'successful' 'australian'
 'want' 'range' 'stimulate' 'idea' 'presentation' 'close' 'final'
 'research' 'association' 'friendly' 'week' 'company' 'aim' 'region'
 'fund' 'goodbye' 'thank' 'conduct' 'autonomous_vehicle' 'proud' 'embrace'
 'neilson' 'hovercraft' 'roger_van_der_lee' 'super' 'aurrigo_pod'
 'technical_development']"
55,"['call' 'age' 'life' 'say' 'make' 'year' 'old' 'people' 'long' 'live' 'go'
 'give' 'think' 'also' 'course' 'take' 'mean' 'story' 'world' 'syndrome'
 'include' 'radio' 'conley' 'midlife' 'modern_eld' 'society' 'first'
 'many' 'prank' 'idea' 'well' 'future' 'engage' 'modern_elder'
 'environmentally' 'distress' 'question' 'lad' 'way' 'need' 'wisdom'
 'nurse' 'young' 'era' 'cause' 'fit' 'other' 'positive' 'grace' 'open'
 'inspiration' 'generation' 'leave' 'indigenous' 'work' 'school' 'help'
 'australian' 'legacy' 'career' 'find' 'know' 'death' 'longevity' 'wise'
 'last' 'seem' 'poet' 'blame' 'want' 'sticky' 'quarter' 'energy' 'member'
 'american' 'industry' 'good' 'describe' 'transition' 'writer' 'even'
 'family' 'curious' 'consequence' 'sense' 'victim' 'chip' 'turn' 'mea'
 'spirit' 'cohort' 'mid' 'focus' 'candle' 'peninsula' 'look' 'grow'
 'experience' 'academy' 'movement']"
56,"['sally' 'denise' 'rise' 'burrow' 'rob' 'draw' 'read' 'cook' 'sue' 'tania'
 'carly' 'willow' 'regan' 'water' 'reeve' 'woode' 'render' 'tomkin' 'sim'
 'jar' 'burn' 'mark' 'bond' 'summer' 'booker' 'little' 'pappa' 'gray'
 'callow' 'jed' 'podsiadly' 'steph' 'wade' 'gillion' 'marten' 'squire'
 'pelle' 'glasby' 'leif' 'saunder' 'guest' 'blampie' 'farthe' 'weitere'
 'bate' 'patten' 'elise' 'wease' 'matilda' 'small' 'child' 'mayor'
 'chief_operating_officer' 'kwh' 'enormous' 'distribution' 'auavoid'
 'broad' 'prompt' 'cost' 'price' 'bowl' 'cut' 'visit' 'lie' 'hear'
 'strong' 'mcgregor' 'bridge' 'ferdinando' 'cock' 'hatcher' 'aveen'
 'loose' 'tickle' 'hodgin' 'ainslie' 'trystan' 'pilar' 'maker' 'krispin'
 'mcmurdy' 'angelique' 'gilchrist' 'enzo' 'wight' 'bodhi' 'bunt' 'jaime'
 'hind' 'bailly' 'gillie' 'beasley' 'dominique' 'shuk' 'meulen' 'chew'
 'xe' 'bathe' 'barro']"
57,"['team' 'point' 'game' 'last' 'win' 'season' 'play' 'year' 'second'
 'final' 'first' 'club' 'player' 'side' 'lead' 'home' 'go' 'take' 'good'
 'week' 'round' 'time' 'hold' 'finish' 'pioneer' 'run' 'top' 'coach'
 'record' 'australian' 'day' 'break' 'competition' 'championship' 'defeat'
 'match' 'next' 'well' 'junior' 'today' 'victory' 'weekend' 'goal' 'start'
 'division' 'event' 'beat' 'quarter' 'name' 'yesterday' 'port' 'clash'
 'half' 'score' 'night' 'return' 'include' 'third' 'adelaide' 'rebound'
 'grade' 'magpie' 'come' 'follow' 'host' 'basketball' 'sport' 'continue'
 'claim' 'man' 'impressive' 'state' 'big' 'make' 'also' 'senior'
 'football' 'grand_final' 'ground' 'represent' 'loss' 'former' 'see'
 'back' 'close' 'early' 'renmark' 'set' 'title' 'hope' 'cup' 'end' 'star'
 'field' 'luke_jamieson' 'ladder' 'lose' 'south' 'icehouse' 'form']"
58,"['toy' 'say' 'police' 'child' 'school' 'student' 'station' 'handcuff'
 'officer' 'principal' 'profiling' 'book' 'behaviour' 'call' 'department'
 'take' 'day' 'girl' 'try' 'really' 'damage' 'throw' 'clinical' 'property'
 'safety' 'right' 'cell' 'natal' 'bad' 'year' 'kid' 'criminal' 'item'
 'drug' 'swing' 'bioscience' 'tell' 'place' 'pharmaceutical' 'several'
 'chief' 'interim' 'mood' 'contact' 'yesterday' 'parent' 'spice' 'credit'
 'away' 'new' 'come' 'mother' 'daughter' 'also' 'bioanalysis' 'cosmetic'
 'adjacent' 'screening' 'small' 'use' 'officially_opene' 'never' 'drink'
 'people' 'jump' 'time' 'instead' 'accuse' 'reach' 'return' 'invent'
 'however' 'other' 'give' 'cause' 'run' 'official' 'pick' 'hold'
 'interest' 'tear' 'tv' 'old' 'think' 'even' 'well' 'calm' 'break' 'begin'
 'remove' 'arrest' 'transport' 'deal' 'town' 'age' 'point' 'office'
 'assist' 'frame' 'minor']"
59,"['call' 'say' 'technology' 'road' 'com' 'security' 'conference' 'month'
 'first' 'car' 'mile' 'item' 'easymile' 'people' 'sap' 'australian'
 'opportunity' 'centric' 'use' 'seminar' 'speed' 'vehicle' 'management'
 'exhibition' 'business' 'email' 'show' 'reduce' 'summit' 'autonomous'
 'country' 'course' 'format' 'accident' 'study' 'journey' 'system' 'last'
 'follow' 'work' 'free' 'human' 'company' 'mover' 'ruxcon' 'shuttle'
 'expert' 'convention_centre' 'connect' 'today' 'injury' 'international'
 'future' 'day' 'believe' 'enable' 'similar' 'presentation' 'test'
 'mooloolaba_demonstration' 'equip' 'rule' 'html' 'also' 'huge' 'web'
 'report' 'operation' 'service' 'sustainability' 'award' 'level' 'highway'
 'camera' 'optimisation' 'com_au' 'steering_wheel' 'club' 'quickly' 'idea'
 'maker' 'congestion' 'never' 'few' 'seater' 'park' 'esplanade'
 'regulatory' 'itsm' 'visit_www' 'symposium' 'virtualisation'
 'practitioner' 'chance' 'theme' 'trial' 'viability' 'put' 'saving'
 'point']"
60,"['space' 'yate' 'turnbull' 'singer' 'will' 'astronaut' 'gemma' 'futurist'
 'perkin' 'hang' 'olive' 'patch' 'sum' 'number' 'martian' 'rob' 'crater'
 'simulate' 'halloran' 'phelp' 'piper' 'cate' 'speech' 'prime' 'boast'
 'error' 'pause' 'imagine' 'college' 'full' 'say' 'decade' 'steer' 'frank'
 'see' 'surface' 'even' 'communicate' 'scientist' 'breach' 'man' 'review'
 'tee' 'stretch' 'style' 'yesterday' 'crack' 'phone' 'wrong' 'privacy'
 'transcription' 'function' 'track' 'secretly' 'train' 'name' 'driver'
 'learn' 'possible' 'main' 'morale' 'orbit' 'hotel' 'shine' 'page'
 'location' 'human' 'wood' 'batter' 'ahren' 'erasmus' 'benardo' 'candace'
 'albertyn' 'pieterse' 'troup' 'designate' 'sheree' 'napper' 'alissa'
 'edmond' 'outer' 'grist' 'clune' 'rein' 'imelfort' 'zone' 'cumming'
 'valid' 'elon_musk' 'trudi' 'cecily' 'shrapnel' 'congressional' 'zoom'
 'probe' 'odette' 'embrace' 'overcome' 'suit']"
61,"['energy' 'price' 'power' 'electricity' 'solar' 'battery' 'say'
 'household' 'grid' 'market' 'retailer' 'consumer' 'customer' 'demand'
 'use' 'cost' 'cheap' 'offer' 'also' 'day' 'renewable' 'big' 'time' 'rise'
 'low' 'business' 'plan' 'solar_panel' 'pay' 'coal' 'year' 'help' 'home'
 'rooftop_solar' 'supply' 'go' 'company' 'virtual' 'expect' 'bill' 'much'
 'carbon' 'middle' 'increase' 'service' 'quarter' 'tech' 'australian'
 'term' 'peak' 'generator' 'large' 'load' 'think' 'improve' 'saving'
 'need' 'people' 'charge' 'local' 'average' 'power_plant' 'appliance'
 'fall' 'consumption' 'less' 'even' 'wholesale' 'reduce' 'behaviour'
 'wind' 'see' 'good' 'opportunity' 'well' 'benefit' 'io_energy' 'profile'
 'smart' 'deliver' 'way' 'climate' 'happen' 'base' 'become' 'clean'
 'understand' 'want' 'model' 'increasingly' 'product' 'electricity_usage'
 'excess' 'co_founder' 'dwelling' 'meter' 'next' 'really' 'make' 'place']"
62,"['ticket' 'say' 'week' 'travel' 'detail' 'trip' 'also' 'new' 'port'
 'italian' 'event' 'transport' 'cruise' 'get' 'last' 'visit' 'queensland'
 'night' 'day' 'public' 'take' 'hall' 'community' 'hold' 'offer' 'emerge'
 'time' 'high' 'train' 'yesterday' 'centre' 'bank' 'health' 'include'
 'return' 'third' 'first' 'available' 'beach' 'traffic' 'plenty'
 'bathroom' 'booking' 'concern' 'delight' 'plan' 'run' 'visa' 'schooner'
 'see' 'holiday' 'esplanade' 'double' 'simplicity' 'cottage' 'daily'
 'cheese' 'freight' 'famous' 'affect' 'weekend' 'link' 'feature'
 'represent' 'otherwise' 'flat' 'mountain' 'south' 'various_stage' 'city'
 'go' 'grange' 'allow' 'chance' 'show' 'title' 'explore' 'cluster'
 'advice' 'woodside' 'road' 'free' 'disabled' 'online' 'resort'
 'structure' 'clement' 'great' 'need' 'notch' 'stand' 'nearly' 'country'
 'action' 'headline' 'nice' 'australian' 'door' 'route' 'infrastructure']"
63,"['say' 'tweet' 'mr_trump' 'power' 'transparency' 'energy' 'datum' 'last'
 'service' 'digit' 'diet' 'year' 'express' 'view' 'footing' 'solution'
 'adviser' 'message' 'hall' 'past' 'enter' 'first' 'announce' 'time'
 'scheme' 'form' 'probe' 'include' 'old' 'individual' 'issue' 'evolve'
 'capacity' 'goalkicker' 'swan' 'serve' 'early' 'usage' 'roo' 'possible'
 'help' 'quickly' 'yesterday' 'business' 'complete' 'refer' 'white_house'
 'distraction' 'delete' 'pardon' 'social_media_user' 'make' 'allow'
 'offer' 'election' 'reporter' 'control' 'barry_hall' 'innovator'
 'outthought' 'outplay' 'outmuscle' 'outclass' 'week' 'system' 'hire'
 'add' 'flurry' 'hawthorn' 'shed' 'requirement' 'warming' 'new' 'charge'
 'hot' 'district' 'deliver' 'credential' 'supply' 'data' 'photovoltaic'
 'campaign' 'believe' 'criticise' 'general' 'back' 'build' 'former' 'law'
 'thick' 'pass' 'ahead' 'come' 'centre' 'top' 'appearance' 'meanwhile'
 'transition' 'cool' 'young_gun']"
64,"['magazine' 'say' 'artisan' 'wastage' 'victim' 'child' 'accessory' 'year'
 'gun' 'want' 'meet' 'leather' 'make' 'green_converse' 'piece' 'bag'
 'tell' 'old' 'change' 'family' 'issue' 'fashion' 'real' 'responsibility'
 'corset' 'appeal' 'boot' 'run' 'violence' 'teacher' 'visit' 'dream'
 'divide' 'colourful' 'take' 'pair' 'turn' 'also' 'festival' 'art'
 'wardrobe' 'model' 'day' 'drawing' 'heart' 'room' 'shoot' 'speak'
 'emotional' 'shooting' 'country' 'follow' 'wife' 'deliver' 'hold' 'live'
 'happen' 'opportunity' 'school' 'right' 'die' 'matter' 'people'
 'identify' 'far' 'clear' 'point' 'kill' 'medium' 'seem' 'alone' 'attend'
 'idea' 'display' 'address' 'shoe' 'loss' 'evidence' 'foot' 'dead'
 'rodriguez' 'press' 'reporter' 'corps' 'nonpartisan' 'flirt' 'window'
 'pound' 'powerfully' 'hush' 'lectern' 'podium' 'alve' 'agree' 'belong'
 'white_house' 'uvalde' 'maite' 'debut' 'affordable']"
65,"['holding' 'food' 'ray' 'national' 'operation' 'product' 'proprietary'
 'sale' 'mine' 'airport' 'technology' 'beverage' 'brand' 'farmer'
 'security' 'weigh' 'image' 'beginning' 'micro' 'mobile' 'diagnostic'
 'self' 'strong' 'carbon' 'club' 'milk' 'kg' 'nanotube' 'emitter' 'seatac'
 'tube' 'country' 'southern' 'generate' 'include' 'checkpoint' 'light'
 'union' 'san_miguel' 'son' 'electron' 'control' 'yesterday' 'imaging'
 'sell' 'application' 'integrate' 'brain' 'scanner' 'hospital' 'machine'
 'portfolio' 'stream' 'medical' 'defence' 'electronic' 'make' 'group'
 'service' 'enable' 'mile_end' 'less' 'much' 'voltage' 'reinvent'
 'cathode' 'revolutionize' 'baggage' 'origin' 'dairy' 'transform' 'mayor'
 'field' 'lead' 'body' 'comment' 'facility' 'bent' 'worldwide'
 'australian' 'counter_terrorism' 'long' 'open' 'release' 'algorithm'
 'development' 'small' 'military' 'innovative' 'range' 'expand' 'device'
 'adelaide' 'part' 'say' 'explosive' 'screening' 'carry' 'lay' 'possible']"
66,"['analyst' 'condition' 'arena' 'warehouse' 'recovery' 'favourable'
 'vintage' 'sentiment' 'service' 'financial' 'recent' 'rate' 'say'
 'regional' 'underpin' 'institution' 'outlook' 'profile' 'injury'
 'quarterly' 'sector' 'stroke' 'secure' 'yesterday' 'conduct' 'combine'
 'iaward' 'rating' 'economic' 'agency' 'poor' 'cord' 'simpler' 'pattern'
 'deterioration' 'business' 'credit' 'bank' 'grain' 'growth' 'stockpile'
 'clinical_trial' 'risk' 'execute' 'increase' 'deficit' 'traumatic' 'year'
 'spinal' 'continue' 'standard' 'grant' 'show' 'fast' 'mobile' 'judgment'
 'result' 'benefit' 'well' 'small' 'reduce' 'include' 'substantial' 'cap'
 'reduction' 'combination' 'stadium' 'collection' 'operating' 'possible'
 'neuroscience' 'screw' 'neural' 'funder' 'vinotrust' 'relearn' 'kilic'
 'rehabswift' 'survivor' 'release' 'review' 'counterfeit' 'shift'
 'upgrade' 'positive' 'strategy' 'strengthen' 'business_foundation'
 'resilience' 'enhancement' 'careful' 'unbroken' 'cerebral_palsy'
 'prototype' 'trial' 'develop' 'help' 'time' 'hand' 'especially']"
67,"['copper' 'metal' 'international' 'year' 'say' 'socceroo' 'mutual' 'world'
 'friendly' 'demon' 'take' 'good' 'play' 'opponent' 'go' 'sandwich'
 'qualifying' 'australasian' 'barossa_valley' 'lake' 'classic' 'galaxy'
 'cup' 'th_anniversary' 'bhp' 'hot' 'ego' 'facebook_page' 'focused'
 'credit' 'recognition' 'mother' 'emergence' 'blue' 'make' 'leader'
 'speaker' 'circus' 'brave' 'sharply' 'progress' 'infant' 'ahead'
 'thoughtful' 'hip' 'beginner' 'line' 'side' 'kick' 'part' 'local' 'late'
 'high' 'other' 'dominance' 'strauss' 'whistle' 'confident' 'reserve'
 'early' 'deli' 'malthouse' 'shop' 'come' 'technologist' 'winner' 'dam'
 'top' 'bizarre' 'brazilian' 'national' 'venue' 'suspension' 'point'
 'cricket' 'rule' 'grease' 'queen_theatre' 'unexpected' 'pupil' 'malseed'
 'eyed' 'tailor' 'club' 'day' 'afford' 'introduce' 'excess' 'miss'
 'elephant' 'ribbon' 'level' 'break' 'foot' 'carmaker' 'discovery'
 'departure' 'still' 'weak' 'minute']"
68,"['new' 'day' 'group' 'also' 'first' 'say' 'year' 'session' 'grower'
 'information' 'field' 'speaker' 'well' 'full' 'base' 'really' 'character'
 'get' 'team' 'event' 'hart_field_site' 'look' 'work' 'australian' 'open'
 'access' 'registration' 'include' 'trial' 'number' 'test' 'hand' 'hold'
 'give' 'online' 'start' 'local' 'service' 'technology' 'hear' 'topic'
 'early' 'regulation' 'war' 'take' 'mean' 'reign' 'strong' 'sign' 'drone'
 'put' 'blyth' 'suburb' 'construction' 'provide' 'program' 'emergency'
 'enthusiasm' 'wing' 'waikerie' 'miss' 'register' 'display' 'line' 'many'
 'world' 'encourage' 'week' 'gate' 'school' 'together' 'farmer' 'yield'
 'letter' 'spring' 'farm' 'journalist' 'chemical' 'anzac_day' 'breed'
 'left' 'name' 'crop' 'official_opene' 'improve' 'know' 'life' 'contact'
 'focus' 'month' 'scare' 'season' 'pull' 'quality' 'faba' 'road' 'arrive'
 'pulse' 'variety' 'think']"
69,"['fund' 'manager' 'tell' 'blue_sky' 'company' 'say' 'investment' 'column'
 'government' 'attack' 'make' 'continue' 'invest' 'also' 'investor'
 'venture_capital' 'stupid' 'blue_sky_alternative_investment' 'australian'
 'comment' 'court' 'financial' 'reputation' 'short' 'dr_stead'
 'venture_capital_fund' 'feel' 'claim' 'south' 'number' 'issue' 'go'
 'previously' 'review' 'due_diligence' 'business' 'conversation' 'ask'
 'call' 'damage' 'money' 'defamation' 'start' 'take' 'yesterday' 'article'
 'former' 'fail' 'involve' 'mandate' 'effect' 'opportunity' 'gender'
 'relate' 'manage' 'response' 'statement' 'file' 'sue' 'document' 'want'
 'spokesman' 'collapse' 'confuse' 'opinion' 'perth_wa' 'time' 'picture'
 'run' 'shoe' 'honest' 'publish' 'source' 'indicate' 'break' 'pyromaniac'
 'person' 'look' 'hear' 'series' 'part' 'colleague' 'team' 'stand'
 'defunct' 'reason' 'show' 'amount' 'community' 'view' 'thing' 'bad'
 'newspaper' 'description' 'stop' 'legal' 'failure' 'therapy' 'change'
 'use']"
70,"['say' 'year' 'man' 'make' 'police' 'people' 'come' 'take' 'future'
 'point' 'want' 'good' 'week' 'get' 'old' 'well' 'sport' 'home' 'time'
 'need' 'also' 'day' 'first' 'go' 'australian' 'performance' 'right' 'win'
 'break' 'innovation' 'star' 'business' 'find' 'last' 'work' 'age'
 'include' 'help' 'decision' 'look' 'opportunity' 'team' 'coach' 'new'
 'group' 'still' 'event' 'lot' 'life' 'technology' 'change' 'play'
 'information' 'energy' 'run' 'second' 'high' 'program' 'space' 'live'
 'car' 'start' 'see' 'co' 'big' 'tell' 'assault' 'show' 'arrest' 'hold'
 'design' 'involve' 'full' 'record' 'become' 'experience' 'player'
 'presentation' 'class' 'south' 'report' 'area' 'walk' 'way' 'side' 'game'
 'share' 'keep' 'travel' 'even' 'lead' 'engineer' 'yesterday' 'research'
 'community' 'difference' 'steal' 'know' 'assist' 'learn']"
71,"['man' 'police' 'arrest' 'car' 'year' 'old' 'woman' 'information'
 'suspect' 'charge' 'steal' 'assault' 'break' 'report' 'call' 'incident'
 'fire' 'bike' 'investigation' 'find' 'allegedly' 'traffic' 'appear'
 'morning' 'black' 'say' 'take' 'road' 'driver' 'scene' 'area'
 'motorcycle' 'leave' 'bail' 'search' 'officer' 'cause' 'suspicious' 'bus'
 'early' 'see' 'time' 'home' 'follow' 'ask' 'describe' 'attend' 'trimmer'
 'serious' 'wear' 'involve' 'vehicle' 'later' 'light' 'last' 'locate'
 'port' 'pair' 'return' 'also' 'assist' 'crash' 'victim' 'emergency'
 'breach' 'short' 'smash' 'patrol' 'run' 'allege' 'approach' 'second'
 'ride' 'cash' 'drive' 'head' 'sedan' 'passenger' 'alarm' 'shoe' 'enter'
 'house' 'release' 'park' 'restaurant' 'occur' 'show' 'speed' 'door'
 'nearby' 'ban' 'following_report' 'item' 'member' 'delay' 'act' 'rider'
 'shirt' 'train' 'know']"
72,"['defence' 'color_wedde' 'university' 'autonomous' 'priority' 'parent'
 'capability' 'relationship' 'school' 'trailblazer' 'weapon' 'quantum'
 'emilie' 'hypersonic' 'musical' 'vehicle' 'married' 'year' 'program'
 'meet' 'work' 'marry' 'dese' 'leave' 'warfare' 'also' 'daughter' 'crafer'
 'instrument' 'information' 'unmanned' 'marriage' 'member' 'tagview'
 'seed' 'operational' 'concept' 'control' 'moment' 'robotic' 'first'
 'material' 'project' 'tell' 'translation' 'fund' 'aim' 'study'
 'development' 'present' 'key' 'decision' 'client' 'begin' 'old'
 'business' 'student' 'health' 'later' 'laugh' 'marketing' 'co' 'training'
 'jointly' 'ruzelle' 'culminate' 'gain' 'bachelor' 'propose' 'ordinate'
 'occur' 'dinner' 'schulze' 'rewakphoto' 'appear' 'nativity' 'celebrate'
 'rostrevor' 'history' 'admiral' 'autonomously' 'decoy' 'rectify'
 'perpetuity' 'swarm' 'electronic_warfare' 'duncan' 'baked' 'reposition'
 'countermeasure' 'rodda' 'strengthen' 'statement' 'defensive' 'trust'
 'academia' 'theme' 'high_speed' 'governance' 'signal']"
73,"['wicket' 'run' 'ball' 'test' 'match' 'day' 'over' 'batting' 'tourist'
 'first' 'batsman' 'bat' 'yesterday' 'pace' 'opener' 'innings' 'catch'
 'strike' 'score' 'bowler' 'second' 'mid' 'australian' 'lose' 'look'
 'inning' 'opening' 'spinner' 'series' 'abdul_razzaq' 'early' 'spell'
 'zimbabwe' 'provide' 'play' 'begin' 'later' 'flower' 'warm' 'crease'
 'late' 'fall' 'fail' 'stump' 'side' 'affinity' 'right' 'condition'
 'selection' 'carry' 'middle' 'start' 'attempt' 'competitive' 'pick'
 'week' 'give' 'continue' 'international' 'leg' 'summer' 'edge' 'order'
 'battle' 'dismiss' 'attack' 'short' 'taibu' 'display' 'away' 'backward'
 'vault' 'struggle' 'almost' 'reply' 'total' 'grant' 'reserve' 'bailey'
 'tactical' 'happy' 'horizontally' 'crumble' 'post' 'recover' 'four'
 'easy' 'trouble' 'streak' 'finally' 'stand' 'last' 'field' 'target'
 'settle' 'third' 'take' 'mark' 'shot' 'home']"
74,"['fund' 'say' 'manager' 'investment' 'savcf' 'advertiser' 'new' 'contract'
 'administration' 'year' 'team' 'glass' 'independent' 'management'
 'manage' 'local' 'exist' 'company' 'also' 'first' 'maintain' 'light'
 'already' 'former' 'actively' 'timer' 'develop' 'sleep' 'include' 'miner'
 'important' 'help' 'elaine_stead' 'source' 'potential' 'seek' 'tender'
 'respect' 'put' 'conference' 'hold' 'follow' 'blue_sky' 'body' 'pay'
 'current' 'induce' 'due' 'provide' 'professor' 'alternate' 'teenage'
 'investor' 'issue' 'submission' 'release' 'range' 'well' 'green' 'clock'
 'expression' 'select' 'chair' 'mean' 'co' 'require' 'give' 'back'
 'entrepreneur' 'page' 'start' 'advice' 'reveal' 'use' 'time' 'previously'
 'propose' 'invest' 'territory' 'jet' 'emerge' 'control' 'blue' 'earmark'
 'employ' 'speaker' 'get' 'available' 'early' 'wear' 'future' 'lack'
 'document' 'continuity' 'effect' 'forward' 'dropping' 'cairn'
 'savcf_management_committee' 'approval']"
75,"['secret' 'freedom' 'operation' 'conservative' 'troop' 'briefing'
 'information' 'impose' 'snippet' 'dress' 'compromise' 'question'
 'commentator' 'give' 'fight' 'well' 'extend' 'yesterday' 'news'
 'military' 'detail' 'allow' 'tony' 'first' 'infantry' 'australian'
 'argue' 'even' 'democratic' 'see' 'end' 'truth' 'defence' 'colon'
 'obscure' 'legitimate' 'dictatorship' 'say' 'security' 'rather' 'expect'
 'reveal' 'continue' 'war' 'snow' 'television' 'pride' 'spar' 'clear'
 'explain' 'surely' 'clearly' 'reporter' 'future' 'almost' 'entitle'
 'start' 'morning' 'current' 'serve' 'citizen' 'access' 'british'
 'campaign' 'basic' 'raise' 'make' 'force' 'country' 'free' 'cancer'
 'easily' 'restrict' 'live' 'control' 'husband' 'message' 'story' 'tell'
 'use' 'describe' 'die' 'get' 'evidence' 'effort' 'american' 'personal'
 'picture' 'obvious' 'failure' 'newspaper' 'public' 'deep' 'personnel'
 'camera' 'suppose' 'hand' 'try' 'feel' 'seriously']"
76,"['technology' 'industry' 'say' 'defence' 'innovation' 'capability'
 'enable' 'digital' 'future' 'global' 'drive' 'help' 'growth' 'business'
 'cyber_security' 'dynamic' 'compliance' 'rocket' 'datum' 'build' 'high'
 'sensor' 'already' 'information' 'lead' 'education' 'ecosystem' 'need'
 'underpin' 'system' 'manage' 'security' 'cyber' 'military' 'provide'
 'photonic' 'company' 'infrastructure' 'radar' 'critical' 'provider'
 'fibre' 'connected_device' 'role' 'ndi' 'increase' 'application' 'solve'
 'world' 'surveillance' 'device' 'cruise' 'detection' 'sector' 'time'
 'stakeholder' 'range' 'base' 'state' 'partner' 'play' 'organisation'
 'schoolie' 'energy' 'improve' 'exam' 'economy' 'number' 'develop'
 'threat' 'work' 'new' 'access' 'corporate' 'also' 'patient' 'funding'
 'outcome' 'use' 'protection' 'revolutionary' 'demand' 'establish'
 'deliver' 'insight' 'attractive' 'explore' 'key' 'market' 'data'
 'national' 'challenge' 'communication' 'grow' 'fundamentally' 'investor'
 'representative' 'precision' 'engagement' 'model']"
77,"['say' 'seed_terminator' 'harvest' 'weed' 'machine' 'year' 'crop'
 'technology' 'ryegrass' 'farmer' 'harvester' 'kill' 'also' 'use' 'water'
 'deal' 'system' 'seed' 'make' 'see' 'chaff' 'control' 'mill' 'back'
 'reduce' 'toilet' 'cost' 'season' 'get' 'herbicide' 'good' 'work' 'prove'
 'wheat' 'header' 'last' 'paddock' 'design' 'need' 'paperwork' 'supply'
 'chemical' 'drive' 'power' 'farming' 'problem' 'result' 'trial'
 'development' 'per_cent' 'council' 'cart' 'grain' 'process' 'month' 'run'
 'become' 'mechanical' 'difficult' 'week' 'impact' 'farm' 'sell' 'start'
 'ground' 'material' 'include' 'australian' 'rainfall' 'rain' 'big' 'line'
 'scheme' 'rate' 'population' 'come' 'next' 'late' 'fit' 'yield' 'able'
 'small' 'time' 'manage' 'stormwater' 'tough' 'cropping' 'complicated'
 'already' 'invest' 'high' 'manager' 'show' 'research' 'follow' 'enter'
 'installation' 'lot' 'museum' 'major']"
78,"['lumary' 'salesforce' 'ndi' 'savcf' 'even' 'execute' 'majority'
 'resourcing' 'identifying' 'oneventures' 'scheduling' 'fifth' 'vision'
 'proud' 'aged_care_provider' 'report' 'document' 'accounting' 'stay'
 'end' 'other' 'complex' 'rapidly' 'venture_capital_firm'
 'giant_salesforce' 'lucrative' 'lead' 'expertise' 'expansion' 'range'
 'financial' 'back' 'platform' 'funding' 'software' 'state_government'
 'strategic' 'manage' 'tip' 'system' 'company' 'new' 'say' 'disability'
 'go' 'investment' 'accelerate' 'technology' 'overseas' 'participate'
 'global' 'management' 'need' 'build' 'cancer' 'process' 'tech' 'use'
 'develop' 'start' 'digital' 'relationship' 'business' 'year' 'market'
 'establish' 'way' 'also' 'offer' 'include' 'take' 'help' 'communication'
 'see' 'program' 'well' 'support' 'round' 'consumer' 'vehicle' 'investor'
 'venture' 'game' 'growth' 'first' 'group' 'play' 'australian' 'city'
 'research' 'improve' 'provider' 'work' 'space' 'entrepreneur' 'energy'
 'make' 'come' 'get' 'elder']"
79,"['swap' 'free_detail' 'dinner' 'hunt' 'garden' 'camera' 'pension' 'make'
 'grill' 'food' 'recipe' 'pre' 'even' 'barrel' 'also' 'aluminium'
 'meeting' 'open' 'high' 'contract' 'fish' 'detective' 'edition' 'top'
 'manual' 'metal' 'riverside' 'cop' 'green' 'square' 'get' 'ms_poddar'
 'salad' 'offer' 'know' 'unit' 'never' 'screen' 'friendly' 'wish' 'carry'
 'edge' 'ever' 'part' 'vote' 'contour' 'plate' 'late' 'fence' 'operation'
 'eat' 'colourful' 'hill' 'pasta' 'oil' 'video' 'place' 'car' 'hand'
 'fair' 'murder' 'chocolate' 'first' 'reverse' 'centre' 'corner' 'pan'
 'taco' 'meatball' 'rare' 'golden' 'put' 'frame' 'look' 'full' 'seeker'
 'give' 'cover' 'scoop' 'ordinary' 'cup' 'invite' 'bowl' 'remain' 'early'
 'company' 'award' 'stair' 'poppy' 'shred' 'use' 'graphite' 'cereal'
 'front' 'way' 'suitably' 'photo' 'big' 'pork' 'garlic']"
80,"['polyethelene' 'sized' 'headset' 'commendation' 'mannequin' 'sickness'
 'soldier' 'meanwhile' 'category' 'associate' 'apparel' 'armour' 'vehicle'
 'world' 'service' 'also' 'water' 'year' 'play' 'land' 'plastic' 'weigh'
 'australian' 'weight' 'call' 'award' 'get' 'say' 'composite' 'bomb'
 'make' 'technology' 'event' 'life' 'robotic' 'look' 'return' 'develop'
 'move' 'good' 'high' 'time' 'work' 'season' 'use' 'base' 'innovator'
 'business' 'lead' 'garden' 'expect' 'day' 'people' 'impact' 'management'
 'focus' 'target' 'new' 'sweeping' 'include' 'aide' 'successful'
 'industry' 'company' 'improve' 'young' 'team' 'go' 'net'
 'unearthly_delight' 'toughened' 'puncture' 'group' 'well' 'receive'
 'system' 'committal' 'army' 'stunning' 'reborn' 'lucrative' 'explore'
 'come' 'lazaridis' 'email' 'shoot' 'player' 'step' 'adjustable' 'small'
 'start' 'possible' 'enterprise' 'lot' 'issue' 'top' 'next' 'figure'
 'ballistic' 'first']"
81,"['vie' 'mid' 'presentation' 'say' 'test' 'waca' 'depth' 'clash'
 'glenn_mcgrath' 'quick' 'get' 'semaphore' 'steal' 'training' 'indication'
 'reputation' 'blow' 'see' 'pitch' 'day' 'play' 'deck' 'start' 'selector'
 'burn' 'wicket' 'blast' 'matthew' 'use' 'athlete' 'sleep'
 'adam_gilchrist' 'nice' 'bouncy' 'chapter' 'maximum' 'covet' 'foul'
 'preparation' 'brazen' 'star' 'brass' 'session' 'perennial' 'cover'
 'height' 'good' 'injury' 'appear' 'place' 'high' 'reliable' 'week'
 'first' 'sip' 'ambitious' 'line' 'promise' 'look' 'pakistani' 'depend'
 'head' 'yesterday' 'next' 'call' 'table' 'match' 'carry' 'flat' 'happen'
 'fast_bowler' 'condition' 'bounce' 'add' 'leave' 'squad' 'spell' 'pace'
 'put' 'guy' 'unveil' 'lot' 'give' 'stage' 'early' 'expect' 'hand' 'arm'
 'tour' 'heat' 'tourist' 'injure' 'certainly' 'today' 'soccer' 'beautiful'
 'hour' 'weather' 'prove' 'delivery']"
82,"['know' 'phase' 'describe' 'annual' 'give' 'area' 'mission' 'membership'
 'order' 'indeed' 'jewel' 'formal' 'tell' 'empty' 'go' 'terminal' 'action'
 'detail' 'destroy' 'pilot' 'air' 'video' 'patrol' 'queenstown' 'aircraft'
 'broad_range' 'cover' 'radio' 'anti' 'day' 'philanthropic' 'normally'
 'side' 'happen' 'leave' 'space' 'point' 'attack' 'heli' 'bag' 'also'
 'foundation' 'move' 'fly' 'lovely' 'help' 'capture' 'weather' 'fire'
 'egg' 'say' 'land' 'open' 'mix' 'enemy' 'brief' 'kayak' 'walk' 'code'
 'station' 'statement' 'artificial' 'pull' 'ground' 'thinkable' 'luggage'
 'south' 'cum' 'president' 'synchronise' 'lighten' 'stealth' 'want' 'site'
 'exhibit' 'member' 'lush' 'safe' 'state_government' 'inspired' 'flight'
 'hike' 'play' 'instead' 'message' 'fool' 'landline' 'cockpit' 'missile'
 'loadmaster' 'deconfliction' 'aircrew' 'chinook' 'brainwave' 'fist'
 'glacier' 'airbnb' 'launch' 'option' 'anyway']"
83,"['year' 'research' 'seed_terminator' 'also' 'ms_stead' 'say' 'glaucus'
 'unit' 'grain' 'machine' 'per_cent' 'harvest' 'write' 'make' 'commercial'
 'release' 'australian' 'follow' 'last' 'claim' 'publish' 'business'
 'darpa' 'month' 'improvement' 'production' 'enormous' 'full' 'use' 'case'
 'loss' 'grow' 'associate' 'kill' 'john_deere' 'destroy' 'new'
 'imputation' 'watch' 'eco' 'several' 'manufacturing' 'trial' 'espionage'
 'result' 'first' 'include' 'lawyer' 'reduce' 'work' 'wide_range' 'cause'
 'show' 'capital' 'airborne' 'begin' 'turn' 'fairfax_media' 'columnist'
 'off' 'model' 'system' 'demise' 'scathing' 'venture' 'harvester' 'weed'
 'invent' 'manager' 'name' 'rpm' 'fairfax' 'lodge' 'suit' 'debris'
 'question' 'spread' 'seed' 'employ' 'design' 'herbicide' 'unusually'
 'hammer_mill' 'company' 'page' 'class' 'burn' 'purely' 'true' 'website'
 'permission' 'trialle' 'export' 'ladder' 'judgment' 'double' 'multiple'
 'fact' 'role' 'weapon']"
84,"['northern_district' 'southern_district' 'east_torren' 'host' 'ocean'
 'tomorrow' 'henley_grange' 'angel' 'glenelg_tiger' 'desperate'
 'kensington_cardinal' 'sturt' 'clash' 'overwhelm' 'name' 'woodville'
 'fishing' 'adelaide' 'sturt_saint' 'expect' 'sewage' 'place' 'double'
 'bye_premiership' 'header' 'excess' 'home' 'team'
 'premier_steven_marshall' 'table' 'touch' 'reigning_premier' 'ggcd'
 'respectively' 'chart' 'top' 'major' 'stay' 'split' 'high' 'undoubtedly'
 'resistance' 'lead' 'take' 'instruction' 'say' 'associate' 'ride'
 'research' 'warn' 'sort' 'know' 'examine' 'action' 'queensland'
 'direction' 'scientist' 'quick' 'fertiliser' 'nutrient' 'chase'
 'jellyfish' 'infest' 'bearing' 'torren' 'supplement' 'www' 'newstead'
 'auread' 'nutrition' 'forge' 'able' 'series' 'first' 'travel' 'equal'
 'set' 'point' 'round' 'port' 'premiership' 'make' 'start' 'division'
 'game' 'elderly' 'day' 'total' 'magpie' 'see' 'big' 'test' 'potato'
 'undefeated' 'get' 'side' 'people' 'keep' 'season' 'go']"
85,"['say' 'year' 'people' 'work' 'also' 'new' 'young' 'go' 'take' 'get' 'day'
 'family' 'time' 'community' 'good' 'make' 'australian' 'old' 'want'
 'find' 'well' 'live' 'week' 'child' 'start' 'art' 'see' 'help' 'life'
 'event' 'run' 'many' 'love' 'music' 'part' 'come' 'country' 'home'
 'local' 'study' 'become' 'thing' 'parent' 'move' 'know' 'name' 'learn'
 'story' 'meet' 'think' 'hold' 'try' 'food' 'experience' 'role' 'give'
 'woman' 'last' 'tell' 'include' 'feel' 'age' 'great' 'school' 'support'
 'play' 'student' 'sport' 'former' 'night' 'little' 'open' 'detail'
 'still' 'talk' 'speak' 'award' 'big' 'youth' 'bring' 'couple' 'really'
 'leave' 'land' 'welcome' 'officer' 'artist' 'change' 'month' 'kid'
 'always' 'list' 'feature' 'first' 'believe' 'never' 'celebrate'
 'together' 'creative' 'job']"
86,"['coal' 'year' 'renew' 'first' 'result' 'police' 'abuse' 'speed' 'new'
 'suspicion' 'lunch' 'country' 'day' 'full' 'question' 'handling' 'group'
 'vintage' 'volker' 'charge' 'editorial' 'israeli' 'half' 'sonic' 'merely'
 'mortgage' 'affect' 'enter' 'surely' 'inflation' 'criminal' 'recklessly'
 'profound' 'diplomat' 'nuclear' 'payback' 'unbeaten' 'dioxide' 'case'
 'other' 'oil' 'say' 'slip' 'business' 'stand' 'environmental'
 'necessarily' 'admission' 'go' 'vice' 'care' 'much' 'brit' 'months_ago'
 'tatt' 'disregard' 'eastside' 'health' 'balcony' 'class' 'practice'
 'course' 'back' 'square' 'fairfax_media' 'war' 'american' 'hurt' 'come'
 'university' 'coach' 'child' 'evidence' 'allege' 'rookie' 'tool' 'remove'
 'injury' 'convention_centre' 'lawbreaker' 'expel' 'scuttle' 'reckless'
 'levy' 'razzaq' 'butt' 'insult' 'depress' 'secret' 'residential'
 'sentiment' 'passport' 'dreadful' 'chase' 'contempt' 'fall' 'courtesy'
 'fugitive' 'unfortunately' 'bhp']"
87,"['beer' 'brewery' 'vehicle' 'small' 'base' 'award' 'local' 'develop'
 'make' 'plastic' 'well' 'land' 'armour' 'use' 'craft' 'brew' 'say'
 'owner' 'pipette' 'post' 'proposal' 'supply' 'industry' 'export' 'weight'
 'system' 'army' 'service' 'cost' 'load' 'high' 'barossa' 'increase'
 'plan' 'lot' 'reduce' 'impact' 'get' 'produce' 'australian' 'world'
 'receptionist' 'underpin' 'micro' 'flux' 'active' 'winery' 'installation'
 'attack' 'new' 'third' 'yesterday' 'battery' 'innovator' 'perform'
 'innovation' 'combat' 'basic' 'pub' 'scheme' 'bomb' 'easy' 'attach'
 'model' 'corner' 'target' 'djs' 'come' 'improve' 'lead' 'heavy' 'quality'
 'name' 'long' 'field' 'weigh' 'process' 'composite' 'regional' 'engage'
 'manufacture' 'also' 'frame' 'enter' 'group' 'discover' 'expect'
 'solar_panel' 'behaviour' 'shape' 'enterprise' 'design' 'computer'
 'bottle' 'finalist' 'barrel' 'simulate' 'resistance' 'research' 'defence']"
88,"['program' 'ready_steady_go_kid' 'location' 'class' 'sport' 'consistent'
 'term' 'child' 'year' 'say' 'business' 'many' 'adelaide' 'exercise'
 'mr_chua' 'preschooler' 'company' 'base' 'mr_spencer' 'design' 'live'
 'wide' 'love' 'teach' 'international' 'children_age' 'life' 'attitude'
 'plan' 'want' 'start' 'half' 'range' 'help' 'benefit' 'positive' 'age'
 'aim' 'childcare' 'create' 'businessman' 'centre' 'grow' 'independent'
 'open' 'culture' 'buy' 'thing' 'young' 'big' 'commencement' 'sporting'
 'nation' 'goal' 'day' 'raymond_spencer' 'carry' 'kick' 'demand' 'way'
 'visit' 'kid' 'offer' 'city' 'growth' 'build' 'regional' 'hope' 'next'
 'unbeaten' 'children_aged' 'right' 'nationally' 'exciting' 'meet' 'hit'
 'chairman' 'happy' 'able' 'selection' 'burgeon' 'unprecedented'
 'milestone' 'rapidly' 'franchisee' 'leap' 'enrolment' 'strongly' 'cover'
 'success' 'fast' 'assume' 'level' 'different' 'online' 'morphettville'
 'spark' 'limited' 'fill' 'circulate']"
89,"['school' 'technology' 'student' 'curriculum' 'learn' 'stem' 'young' 'say'
 'roll' 'use' 'printing' 'new' 'learning' 'science' 'state' 'vogue_code'
 'part' 'teacher' 'first' 'think' 'area' 'math' 'design' 'integrate'
 'type' 'classroom' 'age' 'state_government' 'large_scale' 'norm' 'public'
 'well' 'joint_initiative' 'program' 'economy' 'education' 'get' 'drive'
 'drumming' 'gravitate' 'career' 'base' 'important' 'child' 'many'
 'critical' 'suited' 'north' 'wood' 'engage' 'makers_empire' 'early'
 'woman' 'great' 'miss' 'able' 'creative' 'art' 'take' 'literacy'
 'provide' 'change' 'educational' 'world' 'lung' 'close' 'development'
 'print' 'day' 'name' 'nation' 'stirle' 'emerging_technologie'
 'engineering' 'enough' 'port_augusta' 'introduce' 'innovator' 'buzzword'
 'model' 'attend' 'problem_solve' 'job' 'receive' 'specialist' 'forward'
 'excite' 'female' 'also' 'especially' 'south' 'private' 'year'
 'inspirational' 'involve' 'help' 'really' 'live' 'explore' 'need']"
90,"['run' 'state' 'various' 'aircraft' 'year' 'raise' 'drop' 'championship'
 'half' 'location' 'choose' 'marathon' 'flight' 'woman' 'call' 'challenge'
 'activity' 'child' 'new' 'man' 'pm' 'fund' 'free' 'part' 'open' 'health'
 'include' 'city' 'event' 'line' 'adelaide' 'professional' 'sport' 'fun'
 'music' 'little' 'register' 'love' 'racing' 'elder' 'hero' 'interview'
 'price' 'light' 'night' 'long' 'kid' 'athleticssa' 'whole'
 'jordanna_schriever' 'railway' 'preschooler' 'stadiumexcite' 'mile_end'
 'hour' 'commentator' 'meet' 'carnival' 'children_aged' 'writer'
 'adelaideapril' 'different' 'fundamental' 'eld' 'charity' 'com' 'dog'
 'picturesque' 'parkenter' 'bicycle' 'tce' 'com_aucredit' 'auready'
 'class' 'locationsready' 'skate' 'atmosphere' 'foundation' 'athlete'
 'runadelaide' 'teach' 'nearsstudent' 'temple' 'competent' 'idol'
 'children_hospital' 'uninhabited' 'bun' 'uav' 'biscuit' 'bombardier'
 'baked' 'navigator' 'mechanism' 'practise' 'valley_view_secondary'
 'school' 'treat' 'completely' 'competition']"
91,"['say' 'need' 'also' 'innovation' 'new' 'people' 'hub' 'top' 'start'
 'core' 'light' 'create' 'play' 'senator' 'energy' 'work' 'season' 'make'
 'allow' 'first' 'research' 'year' 'sector' 'think' 'way' 'win'
 'entrepreneur' 'state' 'business' 'country' 'open' 'university' 'apply'
 'run' 'cancer' 'car' 'industry' 'good' 'australian' 'opportunity'
 'government' 'market' 'oval' 'get' 'number' 'west_torren' 'filament'
 'partnership' 'halogen' 'still' 'provide' 'call' 'form' 'company'
 'involve' 'month' 'build' 'old' 'man' 'technology' 'early' 'see' 'team'
 'police' 'base' 'take' 'go' 'driver' 'come' 'start_up' 'port' 'connect'
 'time' 'problem' 'host' 'well' 'world' 'big' 'idea' 'visa' 'life' 'want'
 'seventh' 'program' 'day' 'process' 'thing' 'character' 'meet' 'support'
 'defeat' 'even' 'bring' 'much' 'name' 'school' 'inning' 'department'
 'recently' 'small']"
92,"['play' 'first' 'game' 'race' 'last' 'goal' 'win' 'well' 'winner' 'say'
 'kick' 'get' 'match' 'take' 'go' 'final' 'forward' 'player' 'ball' 'time'
 'docker' 'think' 'second' 'bomber' 'week' 'coach' 'give' 'point' 'club'
 'ground' 'back' 'year' 'early' 'team' 'former' 'fremantle' 'night' 'run'
 'line' 'much' 'competition' 'football' 'quarter' 'title' 'double'
 'minute' 'make' 'mark' 'lion' 'fan' 'tell' 'track' 'see' 'lead' 'crowd'
 'expose' 'staff' 'hawthorn' 'short' 'injury' 'set' 'councillor' 'also'
 'season' 'action' 'straight' 'form' 'start' 'chance' 'meeting' 'end'
 'force' 'keep' 'home' 'know' 'top' 'round' 'good' 'role' 'shoulder'
 'bike' 'final_term' 'suspend' 'loss' 'come' 'look' 'shot' 'pie' 'racing'
 'full' 'clear' 'lose' 'contest' 'extra' 'attack' 'cat' 'score' 'inquiry'
 'day' 'email']"
93,"['year' 'water' 'provide' 'service' 'cash' 'include' 'company' 'business'
 'asset' 'interest' 'capitalraising_announcement'
 'announcement_mid_kent_doc' 'mid_kent_mid_kent' 'mid_kent_water'
 'customer' 'old' 'marketing_reporting_hduf_transaction' 'also' 'average'
 'management' 'capital' 'acquisition' 'fund' 'approximately' 'investment'
 'financial' 'non' 'ofwat' 'distribution' 'supply' 'return' 'own' 'figure'
 'area' 'townsville' 'place' 'mount_gambier' 'facility' 'mid_kent' 'say'
 'price' 'industry' 'operate' 'equity' 'regulator' 'low' 'base' 'control'
 'take' 'today' 'time' 'day' 'charge' 'value' 'information' 'bridge'
 'remain' 'child' 'final' 'close' 'forecast' 'metric' 'determination'
 'table' 'cost' 'describe' 'hasting' 'long_term' 'end' 'partner' 'part'
 'mount_gambi' 'connolly' 'regulate' 'hybrid' 'utility' 'functional'
 'contribute' 'expect' 'months_ago' 'source' 'acquire' 'portfolio'
 'determine' 'drinking_wat' 'index' 'appoint' 'full' 'crash' 'public'
 'invest' 'use' 'result' 'team' 'boy' 'week' 'term' 'less' 'engagement'
 'offer']"
94,"['replicate' 'knee' 'injury' 'eagle' 'claim' 'cumming' 'injure'
 'compensation' 'also' 'rehn' 'former' 'sustain' 'south' 'west_coast'
 'twice' 'player' 'australian' 'lawsuit' 'match' 'football' 'represent'
 'sue' 'lodge' 'anterior' 'cruciate' 'ligament' 'career' 'sport' 'leave'
 'say' 'practice' 'play' 'year' 'certainly' 'action' 'allow' 'prepared'
 'game' 'bid' 'wear' 'believe' 'work' 'high_profile' 'head' 'lawyer'
 'take' 'team' 'go' 'good' 'legal' 'payment' 'think' 'end' 'right' 'bill'
 'launch' 'access' 'medical' 'left' 'level' 'set' 'comment' 'successfully'
 'damage' 'park' 'argue' 'environment' 'seek' 'case' 'fight' 'ground'
 'ruling' 'snap' 'utility' 'trent' 'unsafe' 'seriously_injure' 'pronged'
 'unpaid' 'justify' 'afl' 'ruckman' 'owe' 'crow' 'decline' 'oval' 'point'
 'season' 'start' 'business' 'include' 'first' 'pioneer' 'lead' 'final'
 'car' 'second' 'people' 'open' 'use']"
95,"['administrator' 'unpaid' 'pay' 'aircraft' 'obligation' 'administration'
 'owe' 'perform' 'liable' 'creditor' 'liquidation' 'lessor' 'employee'
 'payment' 'voluntary' 'cost' 'aviation' 'charter' 'agree' 'issue' 'bank'
 'subsidise' 'watch' 'deloitte' 'lawyer' 'inference' 'japanese'
 'executive' 'lease' 'investigate' 'write' 'case' 'penalty' 'material'
 'document' 'utilise' 'expect' 'manufacturer' 'manufacture' 'motivated'
 'hold' 'counsel' 'concern' 'government' 'place' 'restructure'
 'transducer' 'slip' 'particular' 'already' 'hope' 'stake' 'airport'
 'well' 'fly' 'seize' 'fee' 'regular' 'bondholder' 'airline' 'adelaide'
 'benefit' 'view' 'special' 'hour' 'period' 'split' 'forge' 'incentive'
 'appoint' 'contract' 'bowl' 'maintenance' 'occur' 'break' 'basis' 'top'
 'widescale' 'retrench' 'nanostructure' 'sturdy' 'latch' 'malign' 'resign'
 'luminescent' 'circuit' 'conclude' 'rubber' 'importer' 'ruling' 'clarity'
 'hefty' 'merger' 'intent' 'transport' 'relief' 'seek' 'completely'
 'reveal' 'approximately']"
96,"['immersive' 'say' 'year' 'cancer' 'program' 'add' 'patient' 'also'
 'contest' 'head' 'space' 'vr' 'start' 'current' 'rehabilitation' 'crown'
 'neck' 'complete' 'access' 'life' 'special' 'forefront' 'element'
 'nanoparticle' 'room' 'trial' 'muddy' 'currently' 'curriculum' 'bhp'
 'name' 'improve' 'progress' 'pathway' 'provide' 'cm' 'effort' 'list'
 'theme' 'magnetic' 'evaluation' 'subsequently' 'leave' 'next' 'former'
 'control' 'holiday' 'approach' 'exercise' 'other' 'quite' 'cost' 'visit'
 'take' 'put' 'major' 'centre' 'struggle' 'develop' 'reach' 'test'
 'spread' 'impossible' 'min' 'follow' 'tight' 'vacation' 'ppg' 'serious'
 'bragging' 'scaleability' 'significant' 'technology' 'condition'
 'million' 'surface' 'remove' 'due' 'report' 'tumour' 'node' 'submit'
 'surgeon' 'red' 'overall' 'peake' 'ramco' 'goal_kicke' 'buggy' 'gunner'
 'schmocker' 'simmon' 'effect' 'eventually' 'unmet' 'victorian' 'rock'
 'mobility' 'operate' 'experience']"
97,"['people' 'say' 'technology' 'health' 'device' 'create' 'help' 'product'
 'design' 'old' 'need' 'new' 'medical' 'life' 'age' 'also' 'include'
 'patient' 'use' 'experience' 'well' 'industry' 'improve' 'way' 'home'
 'bring' 'centre' 'idea' 'different' 'many' 'prototype' 'lab' 'trial'
 'benefit' 'store' 'make' 'work' 'change' 'develop' 'global' 'hand'
 'place' 'system' 'session' 'venue' 'project' 'hospital' 'opportunity'
 'research' 'event' 'service' 'community' 'conversation' 'solution'
 'healthcare' 'test' 'provide' 'food' 'testing' 'set' 'kit' 'future'
 'year' 'rehabilitation' 'co' 'day' 'stay' 'come' 'open' 'enable' 'range'
 'tool' 'per_cent' 'time' 'face' 'body' 'gaming' 'monash_university'
 'give' 'app' 'really' 'australian' 'user' 'athlete' 'entrepreneur' 'long'
 'think' 'lead' 'generation' 'meet' 'thing' 'live' 'get' 'individual'
 'wedding' 'datum' 'flinders_university' 'manufacture' 'support'
 'marriage']"
98,"['run' 'hit' 'com' 'adelaide' 'game' 'pm' 'inning' 'first' 'home' 'win'
 'division' 'ranger' 'free' 'start' 'angel' 'score' 'port' 'final' 'come'
 'away' 'victory' 'second' 'baseball' 'frame' 'pitch' 'gawler'
 'henley_grange' 'gawler_ranger' 'beat' 'detail' 'lead' 'minor' 'bat'
 'lose' 'third' 'top' 'season' 'fourth' 'late' 'supporter' 'fifth' 'alive'
 'see' 'throw' 'park' 'major' 'back' 'host' 'play' 'spot' 'bottom' 'ball'
 'innings' 'collect' 'southern_district' 'way' 'open' 'east_torren'
 'library' 'seventh' 'ride' 'walk' 'good' 'trail' 'also' 'woodville'
 'triple' 'single' 'make' 'breakfast' 'session' 'qualify' 'grade' 'shut'
 'team' 'dig' 'round' 'double' 'travel' 'place' 'ram' 'gawler_rangers_hit'
 'belt' 'combine' 'twin' 'playford' 'take' 'registration' 'give' 'credit'
 'painting' 'book' 'campbelltown' 'art' 'keep' 'magpie' 'giant' 'time'
 'long' 'solid']"
99,"['space' 'award' 'grant' 'scholarship' 'say' 'australian' 'industry'
 'year' 'support' 'foundation' 'recipient' 'study' 'international' 'also'
 'develop' 'forum' 'engineering' 'student' 'honour' 'new' 'research'
 'include' 'establish' 'major' 'technology' 'professional' 'area' 'broad'
 'playford_trust' 'degree' 'andy_thomas' 'undergraduate' 'master' 'sell'
 'initiative' 'company' 'trust' 'earth' 'relate' 'key' 'educational'
 'launch' 'aquaculture' 'science' 'message' 'awareness' 'partner' 'head'
 'satellite' 'today' 'premier' 'program' 'open' 'situational' 'advance'
 'promote' 'importance' 'rock' 'fund' 'station' 'project' 'former' 'class'
 'history' 'university' 'fisher' 'national' 'young' 'event' 'found' 'part'
 'generate' 'ping_service' 'descend' 'raise' 'receive' 'first' 'funding'
 'development' 'agriculture' 'mechanical' 'explore' 'south' 'work' 'share'
 'safety' 'due' 'base' 'control' 'career' 'prestigious' 'enable'
 'eligible' 'remote' 'speaker' 'communication' 'serve' 'phd' 'food' 'long']"
